Contact Id,TxStart [s],TxStart [UTCG],TxStop [s],TxStop [UTCG],SourceEid,SourceName,DestinEid,DestinName,Avg. Delay [s],Data Rate [Bytes/s],Volume [Bytes]
0,0,1 Jan 2023 10:00:00.000,17777,1 Jan 2023 14:56:16.400,2,[2] gs-canberra,7,[7] ls-03,1.29728663816202,3750000,66663750000
7,0,1 Jan 2023 09:59:58.719,17565,1 Jan 2023 14:52:44.161,2,[2] gs-canberra,24,[24] circ,1.28312787746938,3750000,65868750000
9,0,1 Jan 2023 10:00:00.000,17791,1 Jan 2023 14:56:30.203,2,[2] gs-canberra,5,[5] ls-01-shackleton,1.2980543387195,3750000,66716250000
10,0,1 Jan 2023 09:59:58.709,1669,1 Jan 2023 10:27:48.335,2,[2] gs-canberra,27,[27] south0,1.29616765260062,3750000,6258750000
13,0,1 Jan 2023 09:59:58.704,17435,1 Jan 2023 14:50:34.178,2,[2] gs-canberra,25,[25] north0,1.29301525788457,3750000,65381250000
15,0,1 Jan 2023 10:00:00.000,1045,1 Jan 2023 10:17:24.276,4,[4] ls-00-peary,27,[27] south0,0.0055208311940442,1875000,1959375000
18,0,1 Jan 2023 10:00:00.000,904,1 Jan 2023 10:15:03.978,5,[5] ls-01-shackleton,25,[25] north0,0.0054927307380906,1875000,1695000000
19,0,1 Jan 2023 10:00:00.000,17788,1 Jan 2023 14:56:27.900,5,[5] ls-01-shackleton,2,[2] gs-canberra,1.29805527277588,12500000,222350000000
33,0,1 Jan 2023 10:00:00.000,226,1 Jan 2023 10:03:45.342,15,[15] ls-11,25,[25] north0,0.0056853112420355,1875000,423750000
34,0,1 Jan 2023 10:00:00.000,6004,1 Jan 2023 11:40:03.603,7,[7] ls-03,24,[24] circ,0.0174835702860855,1875000,11257500000
36,0,1 Jan 2023 10:00:00.000,17775,1 Jan 2023 14:56:14.099,7,[7] ls-03,2,[2] gs-canberra,1.29728758596455,12500000,222187500000
58,0,1 Jan 2023 10:00:00.000,6004,1 Jan 2023 11:40:03.603,24,[24] circ,7,[7] ls-03,0.0174835702860855,12500000,75050000000
59,0,1 Jan 2023 10:00:00.000,36437,1 Jan 2023 20:07:16.197,24,[24] circ,25,[25] north0,0.0376504870700281,12500000,455462500000
61,0,1 Jan 2023 10:00:00.000,171,1 Jan 2023 10:02:50.668,24,[24] circ,27,[27] south0,0.0252466666794928,12500000,2137500000
64,0,1 Jan 2023 10:00:00.000,17562,1 Jan 2023 14:52:41.914,24,[24] circ,2,[2] gs-canberra,1.28313087839356,12500000,219525000000
69,0,1 Jan 2023 10:00:00.000,36437,1 Jan 2023 20:07:16.197,25,[25] north0,24,[24] circ,0.0376504870700281,12500000,455462500000
70,0,1 Jan 2023 10:00:00.000,17433,1 Jan 2023 14:50:32.016,25,[25] north0,2,[2] gs-canberra,1.29301717096126,12500000,217912500000
71,0,1 Jan 2023 10:00:00.000,904,1 Jan 2023 10:15:03.978,25,[25] north0,5,[5] ls-01-shackleton,0.0054927307380906,12500000,11300000000
76,0,1 Jan 2023 10:00:00.000,226,1 Jan 2023 10:03:45.342,25,[25] north0,15,[15] ls-11,0.0056853112420355,12500000,2825000000
91,0,1 Jan 2023 10:00:00.000,1045,1 Jan 2023 10:17:24.276,27,[27] south0,4,[4] ls-00-peary,0.0055208311940442,12500000,13062500000
94,0,1 Jan 2023 10:00:00.000,1670,1 Jan 2023 10:27:49.641,27,[27] south0,2,[2] gs-canberra,1.29617197063503,12500000,20875000000
95,0,1 Jan 2023 10:00:00.000,171,1 Jan 2023 10:02:50.668,27,[27] south0,24,[24] circ,0.0252466666794928,12500000,2137500000
116,1099,1 Jan 2023 10:18:18.890,16472,1 Jan 2023 14:34:31.822,7,[7] ls-03,25,[25] north0,0.0199333123235084,1875000,28824375000
117,1099,1 Jan 2023 10:18:18.890,16472,1 Jan 2023 14:34:31.822,25,[25] north0,7,[7] ls-03,0.0199333123235084,12500000,192162500000
120,1254,1 Jan 2023 10:20:53.220,20421,1 Jan 2023 15:40:20.109,15,[15] ls-11,27,[27] south0,0.0217367463835228,1875000,35938125000
121,1254,1 Jan 2023 10:20:53.220,20421,1 Jan 2023 15:40:20.109,27,[27] south0,15,[15] ls-11,0.0217367463835228,12500000,239587500000
122,1291,1 Jan 2023 10:21:30.070,41909,1 Jan 2023 21:38:28.041,25,[25] north0,27,[27] south0,0.0429923770787351,12500000,507725000000
123,1291,1 Jan 2023 10:21:30.070,41909,1 Jan 2023 21:38:28.041,27,[27] south0,25,[25] north0,0.0429923770787351,12500000,507725000000
148,4853,1 Jan 2023 11:20:52.310,38026,1 Jan 2023 20:33:45.218,4,[4] ls-00-peary,25,[25] north0,0.0240307204614321,1875000,62199375000
149,4853,1 Jan 2023 11:20:52.310,38026,1 Jan 2023 20:33:45.218,25,[25] north0,4,[4] ls-00-peary,0.0240307204614321,12500000,414662500000
150,5026,1 Jan 2023 11:23:45.409,18183,1 Jan 2023 15:03:02.813,2,[2] gs-canberra,27,[27] south0,1.31505658711491,3750000,49338750000
151,5027,1 Jan 2023 11:23:46.718,18181,1 Jan 2023 15:03:00.377,27,[27] south0,2,[2] gs-canberra,1.31505904633413,12500000,164425000000
152,5160,1 Jan 2023 11:25:59.867,38327,1 Jan 2023 20:38:46.669,5,[5] ls-01-shackleton,27,[27] south0,0.0240628644648254,1875000,62188125000
153,5160,1 Jan 2023 11:25:59.867,38327,1 Jan 2023 20:38:46.669,27,[27] south0,5,[5] ls-01-shackleton,0.0240628644648254,12500000,414587500000
156,6362,1 Jan 2023 11:46:01.713,43369,1 Jan 2023 22:02:48.794,24,[24] circ,27,[27] south0,0.0381460292752115,12500000,462587500000
157,6362,1 Jan 2023 11:46:01.713,43369,1 Jan 2023 22:02:48.794,27,[27] south0,24,[24] circ,0.0381460292752115,12500000,462587500000
166,7377,1 Jan 2023 12:02:56.859,39809,1 Jan 2023 21:03:28.479,7,[7] ls-03,27,[27] south0,0.0244017321673705,1875000,60810000000
167,7377,1 Jan 2023 12:02:56.859,39809,1 Jan 2023 21:03:28.479,27,[27] south0,7,[7] ls-03,0.0244017321673705,12500000,405400000000
180,13341,1 Jan 2023 13:42:20.017,60947,2 Jan 2023 02:55:46.237,25,[25] north0,3,[3] gs-madrid,1.28868906426366,12500000,595075000000
181,13343,1 Jan 2023 13:42:22.680,60950,2 Jan 2023 02:55:49.775,3,[3] gs-madrid,25,[25] north0,1.28868913495795,3750000,178526250000
184,14528,1 Jan 2023 14:02:07.082,29927,1 Jan 2023 18:18:46.829,3,[3] gs-madrid,4,[4] ls-00-peary,1.29824462387544,3750000,57746250000
185,14531,1 Jan 2023 14:02:10.603,29931,1 Jan 2023 18:18:50.524,4,[4] ls-00-peary,3,[3] gs-madrid,1.29824109939367,12500000,192500000000
194,15342,1 Jan 2023 14:15:41.960,60695,2 Jan 2023 02:51:34.729,3,[3] gs-madrid,7,[7] ls-03,1.29738076641026,3750000,170073750000
195,15345,1 Jan 2023 14:15:44.974,60692,2 Jan 2023 02:51:31.179,7,[7] ls-03,3,[3] gs-madrid,1.29738136784178,12500000,566837500000
202,15957,1 Jan 2023 14:25:56.532,27023,1 Jan 2023 17:30:22.326,3,[3] gs-madrid,24,[24] circ,1.30746105279816,3750000,41497500000
203,15960,1 Jan 2023 14:25:59.355,27024,1 Jan 2023 17:30:23.674,24,[24] circ,3,[3] gs-madrid,1.30746115909837,12500000,138300000000
214,16665,1 Jan 2023 14:37:44.963,45111,1 Jan 2023 22:31:50.616,27,[27] south0,3,[3] gs-madrid,1.2911197120847,12500000,355575000000
215,16668,1 Jan 2023 14:37:47.305,45110,1 Jan 2023 22:31:49.299,3,[3] gs-madrid,27,[27] south0,1.2911191217472,3750000,106657500000
216,17399,1 Jan 2023 14:49:58.472,35218,1 Jan 2023 19:46:57.120,15,[15] ls-11,24,[24] circ,0.0167388603786578,1875000,33410625000
217,17399,1 Jan 2023 14:49:58.472,35218,1 Jan 2023 19:46:57.120,24,[24] circ,15,[15] ls-11,0.0167388603786578,12500000,222737500000
300,31053,1 Jan 2023 18:37:32.367,60355,2 Jan 2023 02:45:54.505,3,[3] gs-madrid,24,[24] circ,1.29233774518618,3750000,109882500000
301,31054,1 Jan 2023 18:37:33.712,60352,2 Jan 2023 02:45:51.052,24,[24] circ,3,[3] gs-madrid,1.29233929698626,12500000,366225000000
304,32194,1 Jan 2023 18:56:33.157,50014,1 Jan 2023 23:53:33.150,7,[7] ls-03,24,[24] circ,0.0167469444996951,1875000,33412500000
305,32194,1 Jan 2023 18:56:33.157,50014,1 Jan 2023 23:53:33.150,24,[24] circ,7,[7] ls-03,0.0167469444996951,12500000,222750000000
333,41878,1 Jan 2023 21:37:57.657,45178,1 Jan 2023 22:32:57.910,27,[27] south0,1,[1] gs-goldstone,1.30901193852164,12500000,41250000000
334,41881,1 Jan 2023 21:38:00.098,45177,1 Jan 2023 22:32:56.576,1,[1] gs-goldstone,27,[27] south0,1.30891418881476,3750000,12360000000
336,41882,1 Jan 2023 21:38:01.142,42533,1 Jan 2023 21:48:52.736,4,[4] ls-00-peary,1,[1] gs-goldstone,1.30966089562416,12500000,8137500000
337,41884,1 Jan 2023 21:38:03.777,42529,1 Jan 2023 21:48:48.320,1,[1] gs-goldstone,4,[4] ls-00-peary,1.30966092587343,3750000,2418750000
342,41934,1 Jan 2023 21:38:53.548,88722,2 Jan 2023 10:38:41.499,25,[25] north0,1,[1] gs-goldstone,1.29382691691308,12500000,584850000000
344,41937,1 Jan 2023 21:38:56.427,88726,2 Jan 2023 10:38:45.512,1,[1] gs-goldstone,25,[25] north0,1.29382781609962,3750000,175458750000
352,42007,1 Jan 2023 21:40:06.264,88674,2 Jan 2023 10:37:53.056,7,[7] ls-03,1,[1] gs-goldstone,1.30131647034737,12500000,583337500000
353,42009,1 Jan 2023 21:40:08.921,88677,2 Jan 2023 10:37:56.724,1,[1] gs-goldstone,7,[7] ls-03,1.30131673552029,3750000,175005000000
356,42112,1 Jan 2023 21:41:51.618,70889,2 Jan 2023 05:41:28.053,24,[24] circ,1,[1] gs-goldstone,1.29347989216945,12500000,359712500000
357,42115,1 Jan 2023 21:41:54.271,70887,2 Jan 2023 05:41:26.703,1,[1] gs-goldstone,24,[24] circ,1.29348315377647,3750000,107895000000
358,42117,1 Jan 2023 21:41:56.604,44102,1 Jan 2023 22:15:01.428,5,[5] ls-01-shackleton,25,[25] north0,0.0055170971698818,1875000,3721875000
359,42117,1 Jan 2023 21:41:56.604,44102,1 Jan 2023 22:15:01.428,25,[25] north0,5,[5] ls-01-shackleton,0.0055170971698818,12500000,24812500000
362,42293,1 Jan 2023 21:44:52.303,44243,1 Jan 2023 22:17:22.902,4,[4] ls-00-peary,27,[27] south0,0.0054963085324059,1875000,3656250000
363,42293,1 Jan 2023 21:44:52.303,44243,1 Jan 2023 22:17:22.902,27,[27] south0,4,[4] ls-00-peary,0.0054963085324059,12500000,24375000000
364,42345,1 Jan 2023 21:45:44.415,60593,2 Jan 2023 02:49:52.592,3,[3] gs-madrid,5,[5] ls-01-shackleton,1.30214681723744,3750000,68430000000
365,42350,1 Jan 2023 21:45:49.882,60590,2 Jan 2023 02:49:49.061,5,[5] ls-01-shackleton,3,[3] gs-madrid,1.30215300541037,12500000,228000000000
368,42454,1 Jan 2023 21:47:33.069,43657,1 Jan 2023 22:07:36.475,15,[15] ls-11,25,[25] north0,0.0057542276807234,1875000,2255625000
369,42454,1 Jan 2023 21:47:33.069,43657,1 Jan 2023 22:07:36.475,25,[25] north0,15,[15] ls-11,0.0057542276807234,12500000,15037500000
372,42969,1 Jan 2023 21:56:08.668,79635,2 Jan 2023 08:07:14.323,24,[24] circ,25,[25] north0,0.0375733396588505,12500000,458325000000
373,42969,1 Jan 2023 21:56:08.668,79635,2 Jan 2023 08:07:14.323,25,[25] north0,24,[24] circ,0.0375733396588505,12500000,458325000000
384,44459,1 Jan 2023 22:20:58.471,60873,2 Jan 2023 02:54:32.824,7,[7] ls-03,25,[25] north0,0.0208768448391425,1875000,30776250000
385,44459,1 Jan 2023 22:20:58.471,60873,2 Jan 2023 02:54:32.824,25,[25] north0,7,[7] ls-03,0.0208768448391425,12500000,205175000000
386,44489,1 Jan 2023 22:21:28.196,85107,2 Jan 2023 09:38:26.168,25,[25] north0,27,[27] south0,0.0429923770793436,12500000,507725000000
387,44489,1 Jan 2023 22:21:28.196,85107,2 Jan 2023 09:38:26.168,27,[27] south0,25,[25] north0,0.0429923770793436,12500000,507725000000
388,44500,1 Jan 2023 22:21:39.721,65116,2 Jan 2023 04:05:15.872,15,[15] ls-11,27,[27] south0,0.0221906247031176,1875000,38655000000
389,44500,1 Jan 2023 22:21:39.721,65116,2 Jan 2023 04:05:15.872,27,[27] south0,15,[15] ls-11,0.0221906247031176,12500000,257700000000
414,48051,1 Jan 2023 23:20:50.196,81223,2 Jan 2023 08:33:42.429,4,[4] ls-00-peary,25,[25] north0,0.0240313720357657,1875000,62197500000
415,48051,1 Jan 2023 23:20:50.196,81223,2 Jan 2023 08:33:42.429,25,[25] north0,4,[4] ls-00-peary,0.0240313720357657,12500000,414650000000
419,48343,1 Jan 2023 23:25:42.322,60668,2 Jan 2023 02:51:07.453,3,[3] gs-madrid,27,[27] south0,1.32123884628943,3750000,46218750000
421,48344,1 Jan 2023 23:25:43.634,60664,2 Jan 2023 02:51:03.882,27,[27] south0,3,[3] gs-madrid,1.32124152401883,12500000,154000000000
422,48359,1 Jan 2023 23:25:58.366,81525,2 Jan 2023 08:38:44.289,5,[5] ls-01-shackleton,27,[27] south0,0.0240637403528614,1875000,62186250000
423,48359,1 Jan 2023 23:25:58.366,81525,2 Jan 2023 08:38:44.289,27,[27] south0,5,[5] ls-01-shackleton,0.0240637403528614,12500000,414575000000
424,48377,1 Jan 2023 23:26:16.761,88560,2 Jan 2023 10:35:59.211,1,[1] gs-goldstone,27,[27] south0,1.30404713115725,3750000,150686250000
425,48379,1 Jan 2023 23:26:18.071,88556,2 Jan 2023 10:35:55.578,27,[27] south0,1,[1] gs-goldstone,1.3040478747737,12500000,502212500000
428,49560,1 Jan 2023 23:45:59.839,86567,2 Jan 2023 10:02:46.920,24,[24] circ,27,[27] south0,0.038146074604485,12500000,462587500000
429,49560,1 Jan 2023 23:45:59.839,86567,2 Jan 2023 10:02:46.920,27,[27] south0,24,[24] circ,0.038146074604485,12500000,462587500000
436,51609,2 Jan 2023 00:20:08.709,83396,2 Jan 2023 09:09:55.590,7,[7] ls-03,27,[27] south0,0.0243877439389929,1875000,59600625000
437,51609,2 Jan 2023 00:20:08.709,83396,2 Jan 2023 09:09:55.590,27,[27] south0,7,[7] ls-03,0.0243877439389929,12500000,397337500000
440,53423,2 Jan 2023 00:50:22.812,88583,2 Jan 2023 10:36:22.518,1,[1] gs-goldstone,5,[5] ls-01-shackleton,1.30141088832846,3750000,131850000000
441,53426,2 Jan 2023 00:50:25.973,88579,2 Jan 2023 10:36:18.871,5,[5] ls-01-shackleton,1,[1] gs-goldstone,1.30138670221955,12500000,439412500000
458,61409,2 Jan 2023 03:03:28.087,79223,2 Jan 2023 08:00:22.541,15,[15] ls-11,24,[24] circ,0.016744361936127,1875000,33401250000
459,61409,2 Jan 2023 03:03:28.087,79223,2 Jan 2023 08:00:22.541,24,[24] circ,15,[15] ls-11,0.016744361936127,12500000,222675000000
542,73372,2 Jan 2023 06:22:51.048,105813,2 Jan 2023 15:23:32.728,5,[5] ls-01-shackleton,2,[2] gs-canberra,1.31034126379663,12500000,405512500000
543,73375,2 Jan 2023 06:22:54.770,105816,2 Jan 2023 15:23:35.477,2,[2] gs-canberra,5,[5] ls-01-shackleton,1.31034184780411,3750000,121653750000
554,73475,2 Jan 2023 06:24:34.684,105802,2 Jan 2023 15:23:21.440,7,[7] ls-03,2,[2] gs-canberra,1.30962398486438,12500000,404087500000
555,73479,2 Jan 2023 06:24:38.428,105805,2 Jan 2023 15:23:24.189,2,[2] gs-canberra,7,[7] ls-03,1.30962477938399,3750000,121222500000
556,73483,2 Jan 2023 06:24:42.264,105448,2 Jan 2023 15:17:27.891,25,[25] north0,2,[2] gs-canberra,1.30469785328084,12500000,399562500000
557,73486,2 Jan 2023 06:24:45.883,105451,2 Jan 2023 15:17:30.511,2,[2] gs-canberra,25,[25] north0,1.30469903820532,3750000,119868750000
560,73502,2 Jan 2023 06:25:01.547,88660,2 Jan 2023 10:37:39.452,27,[27] south0,2,[2] gs-canberra,1.30034009453631,12500000,189475000000
561,73506,2 Jan 2023 06:25:05.281,88659,2 Jan 2023 10:37:38.120,2,[2] gs-canberra,27,[27] south0,1.30034488908802,3750000,56823750000
568,74932,2 Jan 2023 06:48:51.219,88818,2 Jan 2023 10:40:17.660,1,[1] gs-goldstone,24,[24] circ,1.31346457545714,3750000,52072500000
569,74933,2 Jan 2023 06:48:52.571,88815,2 Jan 2023 10:40:14.108,24,[24] circ,1,[1] gs-goldstone,1.31346795892086,12500000,173525000000
570,75096,2 Jan 2023 06:51:35.217,105569,2 Jan 2023 15:19:28.824,2,[2] gs-canberra,24,[24] circ,1.30445863391521,3750000,114273750000
571,75097,2 Jan 2023 06:51:36.585,105567,2 Jan 2023 15:19:26.131,24,[24] circ,2,[2] gs-canberra,1.30445926308134,12500000,380875000000
574,76198,2 Jan 2023 07:09:57.461,94022,2 Jan 2023 12:07:01.843,7,[7] ls-03,24,[24] circ,0.0167411659143882,1875000,33420000000
575,76198,2 Jan 2023 07:09:57.461,94022,2 Jan 2023 12:07:01.843,24,[24] circ,7,[7] ls-03,0.0167411659143882,12500000,222800000000
600,85314,2 Jan 2023 09:41:53.797,87299,2 Jan 2023 10:14:58.964,5,[5] ls-01-shackleton,25,[25] north0,0.00551689539009,1875000,3721875000
601,85314,2 Jan 2023 09:41:53.797,87299,2 Jan 2023 10:14:58.964,25,[25] north0,5,[5] ls-01-shackleton,0.00551689539009,12500000,24812500000
604,85492,2 Jan 2023 09:44:51.164,87442,2 Jan 2023 10:17:21.452,4,[4] ls-00-peary,27,[27] south0,0.0054968014235815,1875000,3656250000
605,85492,2 Jan 2023 09:44:51.164,87442,2 Jan 2023 10:17:21.452,27,[27] south0,4,[4] ls-00-peary,0.0054968014235815,12500000,24375000000
606,85967,2 Jan 2023 09:52:46.038,87225,2 Jan 2023 10:13:44.531,15,[15] ls-11,25,[25] north0,0.0057549372754944,1875000,2358750000
607,85967,2 Jan 2023 09:52:46.038,87225,2 Jan 2023 10:13:44.531,25,[25] north0,15,[15] ls-11,0.0057549372754944,12500000,15725000000
608,86167,2 Jan 2023 09:56:06.794,122833,2 Jan 2023 20:07:12.449,24,[24] circ,25,[25] north0,0.0375732915789608,12500000,458325000000
609,86167,2 Jan 2023 09:56:06.794,122833,2 Jan 2023 20:07:12.449,25,[25] north0,24,[24] circ,0.0375732915789608,12500000,458325000000
620,87687,2 Jan 2023 10:21:26.322,128305,2 Jan 2023 21:38:24.294,25,[25] north0,27,[27] south0,0.042992377079916,12500000,507725000000
621,87687,2 Jan 2023 10:21:26.322,128305,2 Jan 2023 21:38:24.294,27,[27] south0,25,[25] north0,0.042992377079916,12500000,507725000000
624,87761,2 Jan 2023 10:22:40.967,109743,2 Jan 2023 16:29:02.001,15,[15] ls-11,27,[27] south0,0.0225863025727388,1875000,41216250000
625,87761,2 Jan 2023 10:22:40.967,109743,2 Jan 2023 16:29:02.001,27,[27] south0,15,[15] ls-11,0.0225863025727388,12500000,274775000000
628,87852,2 Jan 2023 10:24:11.466,105337,2 Jan 2023 15:15:36.908,7,[7] ls-03,25,[25] north0,0.0218478926475487,1875000,32784375000
629,87852,2 Jan 2023 10:24:11.466,105337,2 Jan 2023 15:15:36.908,25,[25] north0,7,[7] ls-03,0.0218478926475487,12500000,218562500000
648,91214,2 Jan 2023 11:20:13.782,106232,2 Jan 2023 15:30:31.714,2,[2] gs-canberra,27,[27] south0,1.32871624702674,3750000,56317500000
649,91216,2 Jan 2023 11:20:15.085,106229,2 Jan 2023 15:30:28.837,27,[27] south0,2,[2] gs-canberra,1.32871874231139,12500000,187662500000
650,91248,2 Jan 2023 11:20:47.947,124420,2 Jan 2023 20:33:39.538,4,[4] ls-00-peary,25,[25] north0,0.0240319617045365,1875000,62197500000
651,91248,2 Jan 2023 11:20:47.947,124420,2 Jan 2023 20:33:39.538,25,[25] north0,4,[4] ls-00-peary,0.0240319617045365,12500000,414650000000
652,91557,2 Jan 2023 11:25:56.679,124722,2 Jan 2023 20:38:41.746,5,[5] ls-01-shackleton,27,[27] south0,0.0240646210113928,1875000,62184375000
653,91557,2 Jan 2023 11:25:56.679,124722,2 Jan 2023 20:38:41.746,27,[27] south0,5,[5] ls-01-shackleton,0.0240646210113928,12500000,414562500000
662,92758,2 Jan 2023 11:45:57.965,129766,2 Jan 2023 22:02:45.046,24,[24] circ,27,[27] south0,0.038146119934347,12500000,462600000000
663,92758,2 Jan 2023 11:45:57.965,129766,2 Jan 2023 22:02:45.046,27,[27] south0,24,[24] circ,0.038146119934347,12500000,462600000000
670,95927,2 Jan 2023 12:38:46.671,126922,2 Jan 2023 21:15:21.443,7,[7] ls-03,27,[27] south0,0.0243348582121326,1875000,58115625000
671,95927,2 Jan 2023 12:38:46.671,126922,2 Jan 2023 21:15:21.443,27,[27] south0,7,[7] ls-03,0.0243348582121326,12500000,387437500000
686,102051,2 Jan 2023 14:20:50.335,114935,2 Jan 2023 17:55:34.050,24,[24] circ,3,[3] gs-madrid,1.31923734039787,12500000,161050000000
687,102054,2 Jan 2023 14:20:53.480,114933,2 Jan 2023 17:55:32.689,3,[3] gs-madrid,24,[24] circ,1.31924633634203,3750000,48296250000
702,102260,2 Jan 2023 14:24:19.916,151055,3 Jan 2023 03:57:34.217,25,[25] north0,3,[3] gs-madrid,1.30216100441219,12500000,609937500000
703,102261,2 Jan 2023 14:24:20.032,150773,3 Jan 2023 03:52:52.367,5,[5] ls-01-shackleton,3,[3] gs-madrid,1.31070430898153,12500000,606400000000
704,102264,2 Jan 2023 14:24:23.130,151059,3 Jan 2023 03:57:38.143,3,[3] gs-madrid,25,[25] north0,1.30216106594012,3750000,182981250000
705,102264,2 Jan 2023 14:24:23.294,150777,3 Jan 2023 03:52:56.480,3,[3] gs-madrid,5,[5] ls-01-shackleton,1.31070468025023,3750000,181923750000
710,102298,2 Jan 2023 14:24:57.294,150870,3 Jan 2023 03:54:29.908,7,[7] ls-03,3,[3] gs-madrid,1.30992780709818,12500000,607150000000
711,102301,2 Jan 2023 14:25:00.569,150874,3 Jan 2023 03:54:33.875,3,[3] gs-madrid,7,[7] ls-03,1.30992816056663,3750000,182148750000
714,102481,2 Jan 2023 14:28:00.270,132548,2 Jan 2023 22:49:07.386,27,[27] south0,3,[3] gs-madrid,1.30741810314236,12500000,375837500000
715,102484,2 Jan 2023 14:28:03.648,132547,2 Jan 2023 22:49:06.018,3,[3] gs-madrid,27,[27] south0,1.30741720461977,3750000,112736250000
718,105419,2 Jan 2023 15:16:58.482,123230,2 Jan 2023 20:13:49.036,15,[15] ls-11,24,[24] circ,0.0167494815501401,1875000,33395625000
719,105419,2 Jan 2023 15:16:58.482,123230,2 Jan 2023 20:13:49.036,24,[24] circ,15,[15] ls-11,0.0167494815501401,12500000,222637500000
802,118986,2 Jan 2023 19:03:05.600,150549,3 Jan 2023 03:49:08.012,3,[3] gs-madrid,24,[24] circ,1.30484084550603,3750000,118361250000
803,118987,2 Jan 2023 19:03:06.958,150544,3 Jan 2023 03:49:03.892,24,[24] circ,3,[3] gs-madrid,1.30480031846749,12500000,394462500000
806,120201,2 Jan 2023 19:23:20.716,138030,3 Jan 2023 00:20:29.630,7,[7] ls-03,24,[24] circ,0.0167351965578519,1875000,33429375000
807,120201,2 Jan 2023 19:23:20.716,138030,3 Jan 2023 00:20:29.630,24,[24] circ,7,[7] ls-03,0.0167351965578519,12500000,222862500000
828,128511,2 Jan 2023 21:41:50.956,130497,2 Jan 2023 22:14:56.576,5,[5] ls-01-shackleton,25,[25] north0,0.0055165675812087,1875000,3723750000
829,128511,2 Jan 2023 21:41:50.956,130497,2 Jan 2023 22:14:56.576,25,[25] north0,5,[5] ls-01-shackleton,0.0055165675812088,12500000,24825000000
830,128691,2 Jan 2023 21:44:50.047,130640,2 Jan 2023 22:17:19.927,4,[4] ls-00-peary,27,[27] south0,0.005497393357391,1875000,3654375000
831,128691,2 Jan 2023 21:44:50.047,130640,2 Jan 2023 22:17:19.927,27,[27] south0,4,[4] ls-00-peary,0.005497393357391,12500000,24362500000
834,129357,2 Jan 2023 21:55:56.187,130933,2 Jan 2023 22:22:12.930,15,[15] ls-11,25,[25] north0,0.0060178344558424,1875000,2955000000
835,129357,2 Jan 2023 21:55:56.187,130933,2 Jan 2023 22:22:12.930,25,[25] north0,15,[15] ls-11,0.0060178344558424,12500000,19700000000
836,129365,2 Jan 2023 21:56:04.920,166031,3 Jan 2023 08:07:10.575,24,[24] circ,25,[25] north0,0.037573243499835,12500000,458325000000
837,129365,2 Jan 2023 21:56:04.920,166031,3 Jan 2023 08:07:10.575,25,[25] north0,24,[24] circ,0.037573243499835,12500000,458325000000
848,130228,2 Jan 2023 22:10:27.007,132801,2 Jan 2023 22:53:20.213,27,[27] south0,1,[1] gs-goldstone,1.32871107005815,12500000,32162500000
849,130231,2 Jan 2023 22:10:30.129,132799,2 Jan 2023 22:53:18.757,1,[1] gs-goldstone,27,[27] south0,1.32872733474565,3750000,9630000000
864,130404,2 Jan 2023 22:13:23.076,178588,3 Jan 2023 11:36:27.159,5,[5] ls-01-shackleton,1,[1] gs-goldstone,1.31387082701595,12500000,602300000000
865,130407,2 Jan 2023 22:13:26.232,178592,3 Jan 2023 11:36:31.334,1,[1] gs-goldstone,5,[5] ls-01-shackleton,1.31387118623272,3750000,180693750000
866,130412,2 Jan 2023 22:13:31.891,178686,3 Jan 2023 11:38:05.515,7,[7] ls-03,1,[1] gs-goldstone,1.31310366596751,12500000,603425000000
867,130416,2 Jan 2023 22:13:35.053,178690,3 Jan 2023 11:38:09.706,1,[1] gs-goldstone,7,[7] ls-03,1.31310412713431,3750000,181027500000
870,130425,2 Jan 2023 22:13:44.933,178891,3 Jan 2023 11:41:30.594,25,[25] north0,1,[1] gs-goldstone,1.30771915975745,12500000,605825000000
871,130429,2 Jan 2023 22:13:48.236,178896,3 Jan 2023 11:41:35.013,1,[1] gs-goldstone,25,[25] north0,1.30771961578611,3750000,181751250000
872,130527,2 Jan 2023 22:15:26.027,158796,3 Jan 2023 06:06:35.015,24,[24] circ,1,[1] gs-goldstone,1.30569033168612,12500000,353362500000
873,130530,2 Jan 2023 22:15:29.168,158794,3 Jan 2023 06:06:33.658,1,[1] gs-goldstone,24,[24] circ,1.30569374617834,3750000,105990000000
878,130885,2 Jan 2023 22:21:24.448,171503,3 Jan 2023 09:38:22.420,25,[25] north0,27,[27] south0,0.0429923770803928,12500000,507725000000
879,130885,2 Jan 2023 22:21:24.448,171503,3 Jan 2023 09:38:22.420,27,[27] south0,25,[25] north0,0.0429923770803928,12500000,507725000000
884,131037,2 Jan 2023 22:23:56.965,154315,3 Jan 2023 04:51:54.595,15,[15] ls-11,27,[27] south0,0.0229069469981739,1875000,43646250000
885,131037,2 Jan 2023 22:23:56.965,154315,3 Jan 2023 04:51:54.595,27,[27] south0,15,[15] ls-11,0.0229069469981739,12500000,290975000000
886,131291,2 Jan 2023 22:28:10.907,149892,3 Jan 2023 03:38:11.770,7,[7] ls-03,25,[25] north0,0.0228391580934351,1875000,34876875000
887,131291,2 Jan 2023 22:28:10.907,149892,3 Jan 2023 03:38:11.770,25,[25] north0,7,[7] ls-03,0.0228391580934351,12500000,232512500000
900,133714,2 Jan 2023 23:08:33.690,178524,3 Jan 2023 11:35:23.779,1,[1] gs-goldstone,27,[27] south0,1.31896486166951,3750000,168037500000
901,133715,2 Jan 2023 23:08:34.889,178520,3 Jan 2023 11:35:19.601,27,[27] south0,1,[1] gs-goldstone,1.31896513814175,12500000,560062500000
904,133906,2 Jan 2023 23:11:45.203,150818,3 Jan 2023 03:53:37.163,3,[3] gs-madrid,27,[27] south0,1.331170493579,3750000,63420000000
905,133907,2 Jan 2023 23:11:46.469,150814,3 Jan 2023 03:53:33.016,27,[27] south0,3,[3] gs-madrid,1.33117291419863,12500000,211337500000
906,134446,2 Jan 2023 23:20:45.567,167617,3 Jan 2023 08:33:36.560,4,[4] ls-00-peary,25,[25] north0,0.024032522296008,1875000,62195625000
907,134446,2 Jan 2023 23:20:45.567,167617,3 Jan 2023 08:33:36.560,25,[25] north0,4,[4] ls-00-peary,0.024032522296008,12500000,414637500000
910,134755,2 Jan 2023 23:25:54.803,167920,3 Jan 2023 08:38:39.048,5,[5] ls-01-shackleton,27,[27] south0,0.0240654749201276,1875000,62184375000
911,134755,2 Jan 2023 23:25:54.803,167920,3 Jan 2023 08:38:39.048,27,[27] south0,5,[5] ls-01-shackleton,0.0240654749201276,12500000,414562500000
918,135957,2 Jan 2023 23:45:56.091,172964,3 Jan 2023 10:02:43.174,24,[24] circ,27,[27] south0,0.0381458059147869,12500000,462587500000
919,135957,2 Jan 2023 23:45:56.091,172964,3 Jan 2023 10:02:43.174,27,[27] south0,24,[24] circ,0.0381458059147869,12500000,462587500000
934,140316,3 Jan 2023 00:58:35.025,170396,3 Jan 2023 09:19:55.829,7,[7] ls-03,27,[27] south0,0.0242438639163161,1875000,56400000000
935,140316,3 Jan 2023 00:58:35.025,170396,3 Jan 2023 09:19:55.829,27,[27] south0,7,[7] ls-03,0.0242438639163161,12500000,376000000000
956,149430,3 Jan 2023 03:30:29.559,167237,3 Jan 2023 08:27:16.572,15,[15] ls-11,24,[24] circ,0.0167541314176017,1875000,33388125000
957,149430,3 Jan 2023 03:30:29.559,167237,3 Jan 2023 08:27:16.572,24,[24] circ,15,[15] ls-11,0.0167541314176017,12500000,222587500000
1030,162843,3 Jan 2023 07:14:02.659,178773,3 Jan 2023 11:39:32.786,1,[1] gs-goldstone,24,[24] circ,1.32161144904337,3750000,59737500000
1031,162845,3 Jan 2023 07:14:04.019,178769,3 Jan 2023 11:39:28.772,24,[24] circ,1,[1] gs-goldstone,1.32161348145066,12500000,199050000000
1040,163580,3 Jan 2023 07:26:19.312,189774,3 Jan 2023 14:42:53.611,5,[5] ls-01-shackleton,2,[2] gs-canberra,1.32144577437405,12500000,327425000000
1041,163584,3 Jan 2023 07:26:23.614,189778,3 Jan 2023 14:42:57.585,2,[2] gs-canberra,5,[5] ls-01-shackleton,1.32144610143053,3750000,98227500000
1052,163683,3 Jan 2023 07:28:02.594,189987,3 Jan 2023 14:46:26.421,25,[25] north0,2,[2] gs-canberra,1.31968588427755,12500000,328800000000
1054,163687,3 Jan 2023 07:28:06.740,189991,3 Jan 2023 14:46:30.396,2,[2] gs-canberra,25,[25] north0,1.31968811304229,3750000,98640000000
1056,163691,3 Jan 2023 07:28:10.713,189844,3 Jan 2023 14:44:03.004,7,[7] ls-03,2,[2] gs-canberra,1.3207581935059,12500000,326912500000
1057,163696,3 Jan 2023 07:28:15.034,189847,3 Jan 2023 14:44:06.990,2,[2] gs-canberra,7,[7] ls-03,1.32075856625569,3750000,98066250000
1059,163722,3 Jan 2023 07:28:41.008,189877,3 Jan 2023 14:44:36.643,27,[27] south0,2,[2] gs-canberra,1.32788502068027,12500000,326937500000
1061,163726,3 Jan 2023 07:28:45.341,189881,3 Jan 2023 14:44:40.697,2,[2] gs-canberra,27,[27] south0,1.3278899131562,3750000,98081250000
1062,163733,3 Jan 2023 07:28:52.074,189576,3 Jan 2023 14:39:35.258,24,[24] circ,2,[2] gs-canberra,1.31514757869737,12500000,323037500000
1063,163737,3 Jan 2023 07:28:56.637,189580,3 Jan 2023 14:39:39.096,2,[2] gs-canberra,24,[24] circ,1.31514168556453,3750000,96911250000
1066,164203,3 Jan 2023 07:36:42.944,182037,3 Jan 2023 12:33:56.467,7,[7] ls-03,24,[24] circ,0.016729128835779,1875000,33438750000
1067,164203,3 Jan 2023 07:36:42.944,182037,3 Jan 2023 12:33:56.467,24,[24] circ,7,[7] ls-03,0.016729128835779,12500000,222925000000
1088,171709,3 Jan 2023 09:41:48.105,173695,3 Jan 2023 10:14:54.287,5,[5] ls-01-shackleton,25,[25] north0,0.0055160463204075,1875000,3723750000
1089,171709,3 Jan 2023 09:41:48.105,173695,3 Jan 2023 10:14:54.287,25,[25] north0,5,[5] ls-01-shackleton,0.0055160463204075,12500000,24825000000
1090,171889,3 Jan 2023 09:44:48.923,173839,3 Jan 2023 10:17:18.309,4,[4] ls-00-peary,27,[27] south0,0.0054979007339614,1875000,3656250000
1091,171889,3 Jan 2023 09:44:48.923,173839,3 Jan 2023 10:17:18.309,27,[27] south0,4,[4] ls-00-peary,0.0054979007339614,12500000,24375000000
1096,172564,3 Jan 2023 09:56:03.046,209229,3 Jan 2023 20:07:08.701,24,[24] circ,25,[25] north0,0.0375735766023652,12500000,458312500000
1097,172564,3 Jan 2023 09:56:03.046,209229,3 Jan 2023 20:07:08.701,25,[25] north0,24,[24] circ,0.0375735766023652,12500000,458312500000
1098,172680,3 Jan 2023 09:57:59.428,174756,3 Jan 2023 10:32:35.481,15,[15] ls-11,25,[25] north0,0.0064332835258238,1875000,3892500000
1099,172680,3 Jan 2023 09:57:59.428,174756,3 Jan 2023 10:32:35.481,25,[25] north0,15,[15] ls-11,0.0064332835258238,12500000,25950000000
1110,174083,3 Jan 2023 10:21:22.574,214701,3 Jan 2023 21:38:20.546,25,[25] north0,27,[27] south0,0.042992377080774,12500000,507725000000
1111,174083,3 Jan 2023 10:21:22.574,214701,3 Jan 2023 21:38:20.546,27,[27] south0,25,[25] north0,0.042992377080774,12500000,507725000000
1116,174329,3 Jan 2023 10:25:28.525,198846,3 Jan 2023 17:14:05.728,15,[15] ls-11,27,[27] south0,0.0232066988249646,1875000,45969375000
1117,174329,3 Jan 2023 10:25:28.525,198846,3 Jan 2023 17:14:05.728,27,[27] south0,15,[15] ls-11,0.0232066988249646,12500000,306462500000
1118,174797,3 Jan 2023 10:33:16.742,194576,3 Jan 2023 16:02:55.457,7,[7] ls-03,25,[25] north0,0.0238204987484636,1875000,37085625000
1119,174797,3 Jan 2023 10:33:16.742,194576,3 Jan 2023 16:02:55.457,25,[25] north0,7,[7] ls-03,0.0238204987484636,12500000,247237500000
1132,177644,3 Jan 2023 11:20:43.066,210814,3 Jan 2023 20:33:33.510,4,[4] ls-00-peary,25,[25] north0,0.024033025052506,1875000,62193750000
1133,177644,3 Jan 2023 11:20:43.066,210814,3 Jan 2023 20:33:33.510,25,[25] north0,4,[4] ls-00-peary,0.024033025052506,12500000,414625000000
1136,177953,3 Jan 2023 11:25:52.735,211117,3 Jan 2023 20:38:36.205,5,[5] ls-01-shackleton,27,[27] south0,0.0240662899492449,1875000,62182500000
1137,177953,3 Jan 2023 11:25:52.735,211117,3 Jan 2023 20:38:36.205,27,[27] south0,5,[5] ls-01-shackleton,0.0240662899492449,12500000,414550000000
1148,179155,3 Jan 2023 11:45:54.217,216162,3 Jan 2023 22:02:41.300,24,[24] circ,27,[27] south0,0.0381458512414159,12500000,462587500000
1149,179155,3 Jan 2023 11:45:54.217,216162,3 Jan 2023 22:02:41.300,27,[27] south0,24,[24] circ,0.0381458512414159,12500000,462587500000
1162,184758,3 Jan 2023 13:19:17.499,213828,3 Jan 2023 21:23:47.361,7,[7] ls-03,27,[27] south0,0.0241226525597477,1875000,54506250000
1163,184758,3 Jan 2023 13:19:17.499,213828,3 Jan 2023 21:23:47.361,27,[27] south0,7,[7] ls-03,0.0241226525597477,12500000,363375000000
1176,190172,3 Jan 2023 14:49:31.103,193960,3 Jan 2023 15:52:39.217,24,[24] circ,2,[2] gs-canberra,1.32447598723351,12500000,47350000000
1177,190176,3 Jan 2023 14:49:35.598,193963,3 Jan 2023 15:52:42.612,2,[2] gs-canberra,24,[24] circ,1.32449406183655,3750000,14201250000
1178,190206,3 Jan 2023 14:50:05.042,194606,3 Jan 2023 16:03:25.868,27,[27] south0,2,[2] gs-canberra,1.34120481113214,12500000,55000000000
1179,190210,3 Jan 2023 14:50:09.658,194610,3 Jan 2023 16:03:29.405,2,[2] gs-canberra,27,[27] south0,1.34120200091325,3750000,16500000000
1184,190343,3 Jan 2023 14:52:22.307,194225,3 Jan 2023 15:57:04.534,5,[5] ls-01-shackleton,2,[2] gs-canberra,1.32896188808398,12500000,48525000000
1185,190347,3 Jan 2023 14:52:26.933,194228,3 Jan 2023 15:57:07.968,2,[2] gs-canberra,5,[5] ls-01-shackleton,1.3289648863635,3750000,14553750000
1196,190481,3 Jan 2023 14:54:40.749,194234,3 Jan 2023 15:57:13.074,7,[7] ls-03,2,[2] gs-canberra,1.32829448794851,12500000,46912500000
1197,190486,3 Jan 2023 14:54:45.397,194237,3 Jan 2023 15:57:16.515,2,[2] gs-canberra,7,[7] ls-03,1.32829851221562,3750000,14066250000
1206,191029,3 Jan 2023 15:03:48.144,193969,3 Jan 2023 15:52:48.034,25,[25] north0,2,[2] gs-canberra,1.31914110107807,12500000,36750000000
1207,191033,3 Jan 2023 15:03:52.886,193972,3 Jan 2023 15:52:51.388,2,[2] gs-canberra,25,[25] north0,1.31913612942558,3750000,11021250000
1208,191101,3 Jan 2023 15:05:00.707,202831,3 Jan 2023 18:20:30.762,24,[24] circ,3,[3] gs-madrid,1.33180678688621,12500000,146625000000
1209,191105,3 Jan 2023 15:05:04.400,202830,3 Jan 2023 18:20:29.388,3,[3] gs-madrid,24,[24] circ,1.33181710407948,3750000,43968750000
1210,191131,3 Jan 2023 15:05:30.580,240923,4 Jan 2023 04:55:22.471,25,[25] north0,3,[3] gs-madrid,1.31380949356878,12500000,622400000000
1211,191133,3 Jan 2023 15:05:32.591,240927,4 Jan 2023 04:55:26.792,3,[3] gs-madrid,25,[25] north0,1.31380931818359,3750000,186727500000
1224,191335,3 Jan 2023 15:08:54.618,240624,4 Jan 2023 04:50:23.457,5,[5] ls-01-shackleton,3,[3] gs-madrid,1.3207648220045,12500000,616112500000
1226,191339,3 Jan 2023 15:08:58.409,240628,4 Jan 2023 04:50:27.822,3,[3] gs-madrid,5,[5] ls-01-shackleton,1.32076524456477,3750000,184833750000
1232,191379,3 Jan 2023 15:09:38.144,240716,4 Jan 2023 04:51:55.988,7,[7] ls-03,3,[3] gs-madrid,1.31999695912166,12500000,616712500000
1233,191382,3 Jan 2023 15:09:41.940,240721,4 Jan 2023 04:52:00.366,3,[3] gs-madrid,7,[7] ls-03,1.31999725425991,3750000,185021250000
1236,191551,3 Jan 2023 15:12:30.379,240704,4 Jan 2023 04:51:43.368,27,[27] south0,3,[3] gs-madrid,1.32758486481404,12500000,614412500000
1237,191555,3 Jan 2023 15:12:34.269,240708,4 Jan 2023 04:51:47.787,3,[3] gs-madrid,27,[27] south0,1.32758462397856,3750000,184323750000
1248,193442,3 Jan 2023 15:44:01.214,211246,3 Jan 2023 20:40:45.095,15,[15] ls-11,24,[24] circ,0.0167582296876288,1875000,33382500000
1249,193442,3 Jan 2023 15:44:01.214,211246,3 Jan 2023 20:40:45.095,24,[24] circ,15,[15] ls-11,0.0167582296876288,12500000,222550000000
1316,206884,3 Jan 2023 19:28:03.302,240425,4 Jan 2023 04:47:04.636,3,[3] gs-madrid,24,[24] circ,1.31541534764491,3750000,125778750000
1317,206885,3 Jan 2023 19:28:04.670,240421,4 Jan 2023 04:47:00.190,24,[24] circ,3,[3] gs-madrid,1.31536842478047,12500000,419200000000
1324,208205,3 Jan 2023 19:50:04.200,226043,4 Jan 2023 00:47:22.321,7,[7] ls-03,24,[24] circ,0.0167230546733882,1875000,33446250000
1325,208205,3 Jan 2023 19:50:04.200,226043,4 Jan 2023 00:47:22.321,24,[24] circ,7,[7] ls-03,0.0167230546733882,12500000,222975000000
1344,214906,3 Jan 2023 21:41:45.240,216893,3 Jan 2023 22:14:52.100,5,[5] ls-01-shackleton,25,[25] north0,0.0055154822382492,1875000,3725625000
1345,214906,3 Jan 2023 21:41:45.240,216893,3 Jan 2023 22:14:52.100,25,[25] north0,5,[5] ls-01-shackleton,0.0055154822382492,12500000,24837500000
1346,215088,3 Jan 2023 21:44:47.794,217037,3 Jan 2023 22:17:16.599,4,[4] ls-00-peary,27,[27] south0,0.0054986671929273,1875000,3654375000
1347,215088,3 Jan 2023 21:44:47.794,217037,3 Jan 2023 22:17:16.599,27,[27] south0,4,[4] ls-00-peary,0.0054986671929273,12500000,24362500000
1352,215762,3 Jan 2023 21:56:01.172,252427,4 Jan 2023 08:07:06.827,24,[24] circ,25,[25] north0,0.037573528517785,12500000,458312500000
1353,215762,3 Jan 2023 21:56:01.172,252427,4 Jan 2023 08:07:06.827,25,[25] north0,24,[24] circ,0.037573528517785,12500000,458312500000
1354,215971,3 Jan 2023 21:59:30.853,218677,3 Jan 2023 22:44:36.332,15,[15] ls-11,25,[25] north0,0.0070886610106481,1875000,5073750000
1355,215971,3 Jan 2023 21:59:30.853,218677,3 Jan 2023 22:44:36.332,25,[25] north0,15,[15] ls-11,0.0070886610106481,12500000,33825000000
1368,217281,3 Jan 2023 22:21:20.701,257899,4 Jan 2023 09:38:18.672,25,[25] north0,27,[27] south0,0.0429923770811189,12500000,507725000000
1369,217281,3 Jan 2023 22:21:20.701,257899,4 Jan 2023 09:38:18.672,27,[27] south0,25,[25] north0,0.0429923770811189,12500000,507725000000
1374,217638,3 Jan 2023 22:27:17.220,243344,4 Jan 2023 05:35:43.815,15,[15] ls-11,27,[27] south0,0.0234638228815341,1875000,48198750000
1375,217638,3 Jan 2023 22:27:17.220,243344,4 Jan 2023 05:35:43.815,27,[27] south0,15,[15] ls-11,0.0234638228815341,12500000,321325000000
1376,218401,3 Jan 2023 22:40:00.358,239440,4 Jan 2023 04:30:39.269,7,[7] ls-03,25,[25] north0,0.0248412263656063,1875000,39448125000
1377,218401,3 Jan 2023 22:40:00.358,239440,4 Jan 2023 04:30:39.269,25,[25] north0,7,[7] ls-03,0.0248412263656063,12500000,262987500000
1382,218934,3 Jan 2023 22:48:53.395,268392,4 Jan 2023 12:33:11.704,27,[27] south0,1,[1] gs-goldstone,1.33139227482002,12500000,618225000000
1383,218938,3 Jan 2023 22:48:57.251,268397,4 Jan 2023 12:33:16.216,1,[1] gs-goldstone,27,[27] south0,1.33139355558467,3750000,185471250000
1397,219079,3 Jan 2023 22:51:18.643,268516,4 Jan 2023 12:35:15.747,5,[5] ls-01-shackleton,1,[1] gs-goldstone,1.32348393054439,12500000,617962500000
1399,219083,3 Jan 2023 22:51:22.345,268521,4 Jan 2023 12:35:20.256,1,[1] gs-goldstone,5,[5] ls-01-shackleton,1.32348431279499,3750000,185392500000
1401,219095,3 Jan 2023 22:51:34.312,268618,4 Jan 2023 12:36:57.515,7,[7] ls-03,1,[1] gs-goldstone,1.32273453685449,12500000,619037500000
1405,219099,3 Jan 2023 22:51:38.023,268623,4 Jan 2023 12:37:02.035,1,[1] gs-goldstone,7,[7] ls-03,1.32273490102516,3750000,185715000000
1406,219120,3 Jan 2023 22:51:59.308,260451,4 Jan 2023 10:20:50.259,25,[25] north0,1,[1] gs-goldstone,1.31497551122172,12500000,516637500000
1407,219124,3 Jan 2023 22:52:03.036,260449,4 Jan 2023 10:20:48.944,1,[1] gs-goldstone,25,[25] north0,1.31497506300969,3750000,154968750000
1408,219213,3 Jan 2023 22:53:32.802,246692,4 Jan 2023 06:31:31.415,24,[24] circ,1,[1] gs-goldstone,1.31590237239025,12500000,343487500000
1409,219217,3 Jan 2023 22:53:36.459,246691,4 Jan 2023 06:31:30.051,1,[1] gs-goldstone,24,[24] circ,1.31590661516764,3750000,103027500000
1420,220841,3 Jan 2023 23:20:40.452,254011,4 Jan 2023 08:33:30.408,4,[4] ls-00-peary,25,[25] north0,0.0240334419157883,1875000,62193750000
1421,220841,3 Jan 2023 23:20:40.452,254011,4 Jan 2023 08:33:30.408,25,[25] north0,4,[4] ls-00-peary,0.0240334419157883,12500000,414625000000
1422,221151,3 Jan 2023 23:25:50.478,254314,4 Jan 2023 08:38:33.231,5,[5] ls-01-shackleton,27,[27] south0,0.0240670543030798,1875000,62180625000
1423,221151,3 Jan 2023 23:25:50.478,254314,4 Jan 2023 08:38:33.231,27,[27] south0,5,[5] ls-01-shackleton,0.0240670543030798,12500000,414537500000
1434,222353,3 Jan 2023 23:45:52.343,259360,4 Jan 2023 10:02:39.427,24,[24] circ,27,[27] south0,0.038145896571139,12500000,462587500000
1435,222353,3 Jan 2023 23:45:52.343,259360,4 Jan 2023 10:02:39.427,27,[27] south0,24,[24] circ,0.038145896571139,12500000,462587500000
1450,229240,4 Jan 2023 01:40:39.516,257224,4 Jan 2023 09:27:03.320,7,[7] ls-03,27,[27] south0,0.0239497184850518,1875000,52470000000
1451,229240,4 Jan 2023 01:40:39.516,257224,4 Jan 2023 09:27:03.320,27,[27] south0,7,[7] ls-03,0.0239497184850518,12500000,349800000000
1480,237454,4 Jan 2023 03:57:33.318,255255,4 Jan 2023 08:54:14.534,15,[15] ls-11,24,[24] circ,0.0167617019030365,1875000,33376875000
1481,237454,4 Jan 2023 03:57:33.318,255255,4 Jan 2023 08:54:14.534,24,[24] circ,15,[15] ls-11,0.0167617019030365,12500000,222512500000
1544,250724,4 Jan 2023 07:38:43.890,268641,4 Jan 2023 12:37:20.565,1,[1] gs-goldstone,24,[24] circ,1.32791192688099,3750000,67188750000
1545,250726,4 Jan 2023 07:38:45.258,268637,4 Jan 2023 12:37:16.260,24,[24] circ,1,[1] gs-goldstone,1.32791382824952,12500000,223887500000
1550,252205,4 Jan 2023 08:03:24.538,270048,4 Jan 2023 13:00:47.184,7,[7] ls-03,24,[24] circ,0.016717056619778,1875000,33455625000
1551,252205,4 Jan 2023 08:03:24.538,270048,4 Jan 2023 13:00:47.184,24,[24] circ,7,[7] ls-03,0.016717056619778,12500000,223037500000
1564,253718,4 Jan 2023 08:28:37.274,279332,4 Jan 2023 15:35:31.661,5,[5] ls-01-shackleton,2,[2] gs-canberra,1.33141400682373,12500000,320175000000
1566,253722,4 Jan 2023 08:28:41.917,279337,4 Jan 2023 15:35:36.020,2,[2] gs-canberra,5,[5] ls-01-shackleton,1.33141430473421,3750000,96056250000
1572,253770,4 Jan 2023 08:29:29.688,260562,4 Jan 2023 10:22:41.984,25,[25] north0,2,[2] gs-canberra,1.32748522912437,12500000,84900000000
1573,253775,4 Jan 2023 08:29:34.099,260561,4 Jan 2023 10:22:40.650,2,[2] gs-canberra,25,[25] north0,1.32750386498085,3750000,25447500000
1578,253835,4 Jan 2023 08:30:34.696,279406,4 Jan 2023 15:36:45.426,7,[7] ls-03,2,[2] gs-canberra,1.33072339466433,12500000,319637500000
1579,253840,4 Jan 2023 08:30:39.353,279410,4 Jan 2023 15:36:49.805,2,[2] gs-canberra,7,[7] ls-03,1.33072374759639,3750000,95887500000
1584,253895,4 Jan 2023 08:31:34.565,279415,4 Jan 2023 15:36:54.972,27,[27] south0,2,[2] gs-canberra,1.34125159678064,12500000,319000000000
1585,253900,4 Jan 2023 08:31:39.258,279420,4 Jan 2023 15:36:59.408,2,[2] gs-canberra,27,[27] south0,1.34125736602526,3750000,95700000000
1588,253948,4 Jan 2023 08:32:27.693,279112,4 Jan 2023 15:31:51.998,24,[24] circ,2,[2] gs-canberra,1.32286609353508,12500000,314550000000
1589,253953,4 Jan 2023 08:32:32.552,279117,4 Jan 2023 15:31:56.273,2,[2] gs-canberra,24,[24] circ,1.32286088697064,3750000,94365000000
1600,258103,4 Jan 2023 09:41:42.384,260091,4 Jan 2023 10:14:50.014,5,[5] ls-01-shackleton,25,[25] north0,0.0055148127039929,1875000,3727500000
1601,258103,4 Jan 2023 09:41:42.384,260091,4 Jan 2023 10:14:50.014,25,[25] north0,5,[5] ls-01-shackleton,0.0055148127039929,12500000,24850000000
1604,258287,4 Jan 2023 09:44:46.649,260235,4 Jan 2023 10:17:14.805,4,[4] ls-00-peary,27,[27] south0,0.0054995092972878,1875000,3652500000
1605,258287,4 Jan 2023 09:44:46.649,260235,4 Jan 2023 10:17:14.805,27,[27] south0,4,[4] ls-00-peary,0.0054995092972878,12500000,24350000000
1608,258960,4 Jan 2023 09:55:59.298,295625,4 Jan 2023 20:07:04.953,24,[24] circ,25,[25] north0,0.0375734804340846,12500000,458312500000
1609,258960,4 Jan 2023 09:55:59.298,295625,4 Jan 2023 20:07:04.953,25,[25] north0,24,[24] circ,0.0375734804340846,12500000,458312500000
1610,259247,4 Jan 2023 10:00:46.867,262687,4 Jan 2023 10:58:06.418,15,[15] ls-11,25,[25] north0,0.0078417923414553,1875000,6450000000
1611,259247,4 Jan 2023 10:00:46.867,262687,4 Jan 2023 10:58:06.418,25,[25] north0,15,[15] ls-11,0.0078417923414553,12500000,43000000000
1622,260479,4 Jan 2023 10:21:18.827,301097,4 Jan 2023 21:38:16.798,25,[25] north0,27,[27] south0,0.0429923770813088,12500000,507725000000
1623,260479,4 Jan 2023 10:21:18.827,301097,4 Jan 2023 21:38:16.798,27,[27] south0,25,[25] north0,0.0429923770813088,12500000,507725000000
1630,260961,4 Jan 2023 10:29:20.181,268920,4 Jan 2023 12:41:59.784,1,[1] gs-goldstone,25,[25] north0,1.34223501154456,3750000,29846250000
1631,260961,4 Jan 2023 10:29:20.010,279580,4 Jan 2023 15:39:39.353,2,[2] gs-canberra,25,[25] north0,1.33503759891588,3750000,69821250000
1632,260962,4 Jan 2023 10:29:21.375,279575,4 Jan 2023 15:39:34.992,25,[25] north0,2,[2] gs-canberra,1.33503855710449,12500000,232662500000
1633,260962,4 Jan 2023 10:29:21.568,268916,4 Jan 2023 12:41:55.087,25,[25] north0,1,[1] gs-goldstone,1.34223788485756,12500000,99425000000
1634,260966,4 Jan 2023 10:29:25.405,287814,4 Jan 2023 17:56:53.755,15,[15] ls-11,27,[27] south0,0.0236822103928104,1875000,50340000000
1635,260966,4 Jan 2023 10:29:25.405,287814,4 Jan 2023 17:56:53.755,27,[27] south0,15,[15] ls-11,0.0236822103928104,12500000,335600000000
1638,262152,4 Jan 2023 10:49:11.866,284548,4 Jan 2023 17:02:27.314,7,[7] ls-03,25,[25] north0,0.0258752463762308,1875000,41992500000
1639,262152,4 Jan 2023 10:49:11.866,284548,4 Jan 2023 17:02:27.314,25,[25] north0,7,[7] ls-03,0.0258752463762308,12500000,279950000000
1650,264038,4 Jan 2023 11:20:37.737,297208,4 Jan 2023 20:33:27.270,4,[4] ls-00-peary,25,[25] north0,0.0240337879838056,1875000,62193750000
1651,264038,4 Jan 2023 11:20:37.737,297208,4 Jan 2023 20:33:27.270,25,[25] north0,4,[4] ls-00-peary,0.0240337879838056,12500000,414625000000
1652,264349,4 Jan 2023 11:25:48.035,297511,4 Jan 2023 20:38:30.139,5,[5] ls-01-shackleton,27,[27] south0,0.0240677567270355,1875000,62178750000
1653,264349,4 Jan 2023 11:25:48.035,297511,4 Jan 2023 20:38:30.139,27,[27] south0,5,[5] ls-01-shackleton,0.0240677567270355,12500000,414525000000
1662,265551,4 Jan 2023 11:45:50.470,302558,4 Jan 2023 22:02:37.553,24,[24] circ,27,[27] south0,0.0381459419007013,12500000,462587500000
1663,265551,4 Jan 2023 11:45:50.470,302558,4 Jan 2023 22:02:37.553,27,[27] south0,24,[24] circ,0.0381459419007013,12500000,462587500000
1678,273750,4 Jan 2023 14:02:29.717,300590,4 Jan 2023 21:29:49.668,7,[7] ls-03,27,[27] south0,0.0237335544674596,1875000,50325000000
1679,273750,4 Jan 2023 14:02:29.717,300590,4 Jan 2023 21:29:49.668,27,[27] south0,7,[7] ls-03,0.0237335544674596,12500000,335500000000
1694,278053,4 Jan 2023 15:14:12.125,303543,4 Jan 2023 22:19:02.409,25,[25] north0,3,[3] gs-madrid,1.3172253439176,12500000,318625000000
1695,278055,4 Jan 2023 15:14:14.892,303542,4 Jan 2023 22:19:01.077,3,[3] gs-madrid,25,[25] north0,1.31722669395068,3750000,95576250000
1706,279002,4 Jan 2023 15:30:01.718,290720,4 Jan 2023 18:45:19.242,24,[24] circ,3,[3] gs-madrid,1.34156702137784,12500000,146475000000
1707,279005,4 Jan 2023 15:30:04.690,290718,4 Jan 2023 18:45:17.856,3,[3] gs-madrid,24,[24] circ,1.34157584403613,3750000,43923750000
1716,279281,4 Jan 2023 15:34:40.338,330469,5 Jan 2023 05:47:48.610,7,[7] ls-03,3,[3] gs-madrid,1.32824309643314,12500000,639850000000
1717,279284,4 Jan 2023 15:34:43.468,330474,5 Jan 2023 05:47:53.185,3,[3] gs-madrid,7,[7] ls-03,1.32824328991054,3750000,191962500000
1724,279416,4 Jan 2023 15:36:55.885,330374,5 Jan 2023 05:46:13.430,5,[5] ls-01-shackleton,3,[3] gs-madrid,1.32899480933726,12500000,636975000000
1726,279420,4 Jan 2023 15:36:59.026,330378,5 Jan 2023 05:46:17.992,3,[3] gs-madrid,5,[5] ls-01-shackleton,1.32899509579476,3750000,191092500000
1738,280404,4 Jan 2023 15:53:23.814,330442,5 Jan 2023 05:47:21.937,27,[27] south0,3,[3] gs-madrid,1.33678471492805,12500000,625475000000
1739,280408,4 Jan 2023 15:53:27.220,330447,5 Jan 2023 05:47:26.572,3,[3] gs-madrid,27,[27] south0,1.33678432545888,3750000,187646250000
1740,280533,4 Jan 2023 15:55:32.025,283454,4 Jan 2023 16:44:13.260,27,[27] south0,2,[2] gs-canberra,1.349756086264,12500000,36512500000
1741,280537,4 Jan 2023 15:55:36.867,283458,4 Jan 2023 16:44:17.345,2,[2] gs-canberra,27,[27] south0,1.34975325255269,3750000,10953750000
1742,280576,4 Jan 2023 15:56:15.727,282787,4 Jan 2023 16:33:06.962,24,[24] circ,2,[2] gs-canberra,1.33924676836688,12500000,27637500000
1743,280581,4 Jan 2023 15:56:20.529,282791,4 Jan 2023 16:33:10.973,2,[2] gs-canberra,24,[24] circ,1.33926907415731,3750000,8287500000
1748,280744,4 Jan 2023 15:59:03.331,283069,4 Jan 2023 16:37:48.730,5,[5] ls-01-shackleton,2,[2] gs-canberra,1.33866060560442,12500000,29062500000
1749,280749,4 Jan 2023 15:59:08.155,283073,4 Jan 2023 16:37:52.744,2,[2] gs-canberra,5,[5] ls-01-shackleton,1.33866446457187,3750000,8715000000
1760,280888,4 Jan 2023 16:01:27.428,283085,4 Jan 2023 16:38:04.116,7,[7] ls-03,2,[2] gs-canberra,1.33797387013062,12500000,27462500000
1761,280893,4 Jan 2023 16:01:32.270,283089,4 Jan 2023 16:38:08.139,2,[2] gs-canberra,7,[7] ls-03,1.33797770482254,3750000,8235000000
1774,281466,4 Jan 2023 16:11:05.727,299265,4 Jan 2023 21:07:44.812,15,[15] ls-11,24,[24] circ,0.0167644842655529,1875000,33373125000
1775,281466,4 Jan 2023 16:11:05.727,299265,4 Jan 2023 21:07:44.812,24,[24] circ,15,[15] ls-11,0.0167644842655529,12500000,222487500000
1776,281503,4 Jan 2023 16:11:42.973,282842,4 Jan 2023 16:34:01.761,25,[25] north0,2,[2] gs-canberra,1.32877195738015,12500000,16737500000
1777,281508,4 Jan 2023 16:11:47.832,282846,4 Jan 2023 16:34:05.733,2,[2] gs-canberra,25,[25] north0,1.32876895549273,3750000,5017500000
1834,294754,4 Jan 2023 19:52:33.019,330224,5 Jan 2023 05:43:43.577,3,[3] gs-madrid,24,[24] circ,1.32416357313564,3750000,133012500000
1835,294755,4 Jan 2023 19:52:34.398,330219,5 Jan 2023 05:43:38.859,24,[24] circ,3,[3] gs-madrid,1.32416457555847,12500000,443300000000
1838,296205,4 Jan 2023 20:16:44.020,314052,5 Jan 2023 01:14:11.071,7,[7] ls-03,24,[24] circ,0.0167112193969654,1875000,33463125000
1839,296205,4 Jan 2023 20:16:44.020,314052,5 Jan 2023 01:14:11.071,24,[24] circ,7,[7] ls-03,0.0167112193969654,12500000,223087500000
1860,301300,4 Jan 2023 21:41:39.555,303289,4 Jan 2023 22:14:48.034,5,[5] ls-01-shackleton,25,[25] north0,0.0055140480649239,1875000,3729375000
1861,301300,4 Jan 2023 21:41:39.555,303289,4 Jan 2023 22:14:48.034,25,[25] north0,5,[5] ls-01-shackleton,0.0055140480649239,12500000,24862500000
1864,301486,4 Jan 2023 21:44:45.467,303433,4 Jan 2023 22:17:12.914,4,[4] ls-00-peary,27,[27] south0,0.0055004163877323,1875000,3650625000
1865,301486,4 Jan 2023 21:44:45.467,303433,4 Jan 2023 22:17:12.914,27,[27] south0,4,[4] ls-00-peary,0.0055004163877323,12500000,24337500000
1868,302158,4 Jan 2023 21:55:57.425,338824,5 Jan 2023 08:07:03.079,24,[24] circ,25,[25] north0,0.0375734323489045,12500000,458325000000
1869,302158,4 Jan 2023 21:55:57.425,338824,5 Jan 2023 08:07:03.079,25,[25] north0,24,[24] circ,0.0375734323489045,12500000,458325000000
1870,302516,4 Jan 2023 22:01:55.260,306776,4 Jan 2023 23:12:55.162,15,[15] ls-11,25,[25] north0,0.0087620009136358,1875000,7987500000
1871,302516,4 Jan 2023 22:01:55.260,306776,4 Jan 2023 23:12:55.162,25,[25] north0,15,[15] ls-11,0.0087620009136358,12500000,53250000000
1880,303677,4 Jan 2023 22:21:16.953,344295,5 Jan 2023 09:38:14.924,25,[25] north0,27,[27] south0,0.0429923770814034,12500000,507725000000
1881,303677,4 Jan 2023 22:21:16.953,344295,5 Jan 2023 09:38:14.924,27,[27] south0,25,[25] north0,0.0429923770814033,12500000,507725000000
1890,304317,4 Jan 2023 22:31:56.270,332257,5 Jan 2023 06:17:36.945,15,[15] ls-11,27,[27] south0,0.0238659892921679,1875000,52387500000
1891,304317,4 Jan 2023 22:31:56.270,332257,5 Jan 2023 06:17:36.945,27,[27] south0,15,[15] ls-11,0.0238659892921679,12500000,349250000000
1894,304829,4 Jan 2023 22:40:28.876,330693,5 Jan 2023 05:51:32.885,3,[3] gs-madrid,25,[25] north0,1.33016129298562,3750000,96990000000
1895,304831,4 Jan 2023 22:40:30.227,330689,5 Jan 2023 05:51:28.399,25,[25] north0,3,[3] gs-madrid,1.3301693087374,12500000,323225000000
1902,306130,4 Jan 2023 23:02:09.887,329962,5 Jan 2023 05:39:21.624,7,[7] ls-03,25,[25] north0,0.0268672224453989,1875000,44685000000
1903,306130,4 Jan 2023 23:02:09.887,329962,5 Jan 2023 05:39:21.624,25,[25] north0,7,[7] ls-03,0.0268672224453989,12500000,297900000000
1906,307235,4 Jan 2023 23:20:34.935,340405,5 Jan 2023 08:33:24.115,4,[4] ls-00-peary,25,[25] north0,0.0240340586555477,1875000,62193750000
1907,307235,4 Jan 2023 23:20:34.935,340405,5 Jan 2023 08:33:24.115,25,[25] north0,4,[4] ls-00-peary,0.0240340586555477,12500000,414625000000
1910,307546,4 Jan 2023 23:25:45.413,340707,5 Jan 2023 08:38:26.947,5,[5] ls-01-shackleton,27,[27] south0,0.0240684056909695,1875000,62176875000
1911,307546,4 Jan 2023 23:25:45.413,340707,5 Jan 2023 08:38:26.947,27,[27] south0,5,[5] ls-01-shackleton,0.0240684056909695,12500000,414512500000
1920,307981,4 Jan 2023 23:33:00.233,358099,5 Jan 2023 13:28:18.949,27,[27] south0,1,[1] gs-goldstone,1.34020942847397,12500000,626475000000
1921,307985,4 Jan 2023 23:33:04.666,358104,5 Jan 2023 13:28:23.557,1,[1] gs-goldstone,27,[27] south0,1.34021015554721,3750000,187946250000
1933,308072,4 Jan 2023 23:34:31.387,358280,5 Jan 2023 13:31:19.463,5,[5] ls-01-shackleton,1,[1] gs-goldstone,1.33101863066437,12500000,627600000000
1935,308076,4 Jan 2023 23:34:35.632,358285,5 Jan 2023 13:31:24.057,1,[1] gs-goldstone,5,[5] ls-01-shackleton,1.33101892065573,3750000,188283750000
1938,308096,4 Jan 2023 23:34:55.052,358383,5 Jan 2023 13:33:02.751,7,[7] ls-03,1,[1] gs-goldstone,1.33024463071417,12500000,628587500000
1939,308099,4 Jan 2023 23:34:58.959,346749,5 Jan 2023 10:19:08.483,25,[25] north0,1,[1] gs-goldstone,1.32329120058157,12500000,483125000000
1940,308100,4 Jan 2023 23:34:59.307,358388,5 Jan 2023 13:33:07.351,1,[1] gs-goldstone,7,[7] ls-03,1.33024490184509,3750000,188580000000
1941,308104,4 Jan 2023 23:35:03.211,346748,5 Jan 2023 10:19:07.146,1,[1] gs-goldstone,25,[25] north0,1.32328976038246,3750000,144915000000
1942,308207,4 Jan 2023 23:36:46.778,334582,5 Jan 2023 06:56:21.414,24,[24] circ,1,[1] gs-goldstone,1.32433333082918,12500000,329687500000
1943,308211,4 Jan 2023 23:36:50.929,334581,5 Jan 2023 06:56:20.040,1,[1] gs-goldstone,24,[24] circ,1.32433818461342,3750000,98887500000
1948,308749,4 Jan 2023 23:45:48.596,345756,5 Jan 2023 10:02:35.679,24,[24] circ,27,[27] south0,0.0381459872295369,12500000,462587500000
1949,308749,4 Jan 2023 23:45:48.596,345756,5 Jan 2023 10:02:35.679,27,[27] south0,24,[24] circ,0.0381459872295369,12500000,462587500000
1974,318281,5 Jan 2023 02:24:40.754,343932,5 Jan 2023 09:32:11.167,7,[7] ls-03,27,[27] south0,0.0234822945637242,1875000,48095625000
1975,318281,5 Jan 2023 02:24:40.754,343932,5 Jan 2023 09:32:11.167,27,[27] south0,7,[7] ls-03,0.0234822945637242,12500000,320637500000
2014,325479,5 Jan 2023 04:24:38.291,343276,5 Jan 2023 09:21:15.820,15,[15] ls-11,24,[24] circ,0.0167665258467182,1875000,33369375000
2015,325479,5 Jan 2023 04:24:38.291,343276,5 Jan 2023 09:21:15.820,24,[24] circ,15,[15] ls-11,0.0167665258467182,12500000,222462500000
2062,338583,5 Jan 2023 08:03:02.672,358348,5 Jan 2023 13:32:27.879,1,[1] gs-goldstone,24,[24] circ,1.33257405880311,3750000,74118750000
2063,338585,5 Jan 2023 08:03:04.046,358344,5 Jan 2023 13:32:23.494,24,[24] circ,1,[1] gs-goldstone,1.33257586391862,12500000,246987500000
2070,340203,5 Jan 2023 08:30:02.719,358054,5 Jan 2023 13:27:33.999,7,[7] ls-03,24,[24] circ,0.0167056150102566,1875000,33470625000
2071,340203,5 Jan 2023 08:30:02.719,358054,5 Jan 2023 13:27:33.999,24,[24] circ,7,[7] ls-03,0.0167056150102566,12500000,223137500000
2088,343603,5 Jan 2023 09:26:42.032,346811,5 Jan 2023 10:20:10.035,25,[25] north0,2,[2] gs-canberra,1.34106500076456,12500000,40100000000
2089,343607,5 Jan 2023 09:26:46.486,346809,5 Jan 2023 10:20:08.683,2,[2] gs-canberra,25,[25] north0,1.34108821843858,3750000,12007500000
2092,343646,5 Jan 2023 09:27:25.060,368886,5 Jan 2023 16:28:05.670,5,[5] ls-01-shackleton,2,[2] gs-canberra,1.33887485698719,12500000,315500000000
2093,343650,5 Jan 2023 09:27:29.737,368891,5 Jan 2023 16:28:10.244,2,[2] gs-canberra,5,[5] ls-01-shackleton,1.33887509383936,3750000,94653750000
2103,343765,5 Jan 2023 09:29:24.803,368964,5 Jan 2023 16:29:23.116,7,[7] ls-03,2,[2] gs-canberra,1.33813310893661,12500000,314987500000
2105,343770,5 Jan 2023 09:29:29.477,368968,5 Jan 2023 16:29:27.697,2,[2] gs-canberra,7,[7] ls-03,1.33813338269337,3750000,94492500000
2112,343847,5 Jan 2023 09:30:46.118,368949,5 Jan 2023 16:29:08.697,27,[27] south0,2,[2] gs-canberra,1.35122599294945,12500000,313775000000
2113,343851,5 Jan 2023 09:30:50.704,368954,5 Jan 2023 16:29:13.342,2,[2] gs-canberra,27,[27] south0,1.35123025782226,3750000,94136250000
2114,343917,5 Jan 2023 09:31:56.011,368663,5 Jan 2023 16:24:22.191,24,[24] circ,2,[2] gs-canberra,1.32887323272791,12500000,309325000000
2115,343921,5 Jan 2023 09:32:00.816,368667,5 Jan 2023 16:24:26.740,2,[2] gs-canberra,24,[24] circ,1.3288707571362,3750000,92797500000
2120,344497,5 Jan 2023 09:41:36.766,346487,5 Jan 2023 10:14:46.169,5,[5] ls-01-shackleton,25,[25] north0,0.0055132012846554,1875000,3731250000
2121,344497,5 Jan 2023 09:41:36.766,346487,5 Jan 2023 10:14:46.169,25,[25] north0,5,[5] ls-01-shackleton,0.0055132012846554,12500000,24875000000
2122,344685,5 Jan 2023 09:44:44.249,346631,5 Jan 2023 10:17:10.929,4,[4] ls-00-peary,27,[27] south0,0.005501376322797,1875000,3648750000
2123,344685,5 Jan 2023 09:44:44.249,346631,5 Jan 2023 10:17:10.929,27,[27] south0,4,[4] ls-00-peary,0.005501376322797,12500000,24325000000
2128,345356,5 Jan 2023 09:55:55.551,382022,5 Jan 2023 20:07:01.205,24,[24] circ,25,[25] north0,0.0375733842676733,12500000,458325000000
2129,345356,5 Jan 2023 09:55:55.551,382022,5 Jan 2023 20:07:01.205,25,[25] north0,24,[24] circ,0.0375733842676733,12500000,458325000000
2130,345781,5 Jan 2023 10:03:00.128,350929,5 Jan 2023 11:28:48.910,15,[15] ls-11,25,[25] north0,0.0096652443408476,1875000,9652500000
2131,345781,5 Jan 2023 10:03:00.128,350929,5 Jan 2023 11:28:48.910,25,[25] north0,15,[15] ls-11,0.0096652443408476,12500000,64350000000
2138,346876,5 Jan 2023 10:21:15.079,387494,5 Jan 2023 21:38:13.051,25,[25] north0,27,[27] south0,0.0429923770787277,12500000,507725000000
2139,346876,5 Jan 2023 10:21:15.079,387494,5 Jan 2023 21:38:13.051,27,[27] south0,25,[25] north0,0.0429923770787277,12500000,507725000000
2148,347695,5 Jan 2023 10:34:54.037,376672,5 Jan 2023 18:37:51.161,15,[15] ls-11,27,[27] south0,0.0240176728803865,1875000,54331875000
2149,347695,5 Jan 2023 10:34:54.037,376672,5 Jan 2023 18:37:51.161,27,[27] south0,15,[15] ls-11,0.0240176728803865,12500000,362212500000
2156,348487,5 Jan 2023 10:48:06.036,358750,5 Jan 2023 13:39:09.048,1,[1] gs-goldstone,25,[25] north0,1.34971136408749,3750000,38486250000
2157,348488,5 Jan 2023 10:48:07.407,358745,5 Jan 2023 13:39:04.311,25,[25] north0,1,[1] gs-goldstone,1.34970889750728,12500000,128212500000
2158,348561,5 Jan 2023 10:49:20.038,369166,5 Jan 2023 16:32:45.150,2,[2] gs-canberra,25,[25] north0,1.34385263248276,3750000,77268750000
2159,348562,5 Jan 2023 10:49:21.409,369161,5 Jan 2023 16:32:40.588,25,[25] north0,2,[2] gs-canberra,1.34385343465967,12500000,257487500000
2166,350433,5 Jan 2023 11:20:32.060,383601,5 Jan 2023 20:33:20.962,4,[4] ls-00-peary,25,[25] north0,0.0240342721638487,1875000,62190000000
2167,350433,5 Jan 2023 11:20:32.060,383601,5 Jan 2023 20:33:20.962,25,[25] north0,4,[4] ls-00-peary,0.0240342721638487,12500000,414600000000
2168,350447,5 Jan 2023 11:20:46.604,375688,5 Jan 2023 18:21:27.777,7,[7] ls-03,25,[25] north0,0.0277220962395812,1875000,47326875000
2169,350447,5 Jan 2023 11:20:46.604,375688,5 Jan 2023 18:21:27.777,25,[25] north0,7,[7] ls-03,0.0277220962395812,12500000,315512500000
2170,350743,5 Jan 2023 11:25:42.623,383904,5 Jan 2023 20:38:23.675,5,[5] ls-01-shackleton,27,[27] south0,0.0240689724421691,1875000,62176875000
2171,350743,5 Jan 2023 11:25:42.623,383904,5 Jan 2023 20:38:23.675,27,[27] south0,5,[5] ls-01-shackleton,0.0240689724421691,12500000,414512500000
2180,351947,5 Jan 2023 11:45:46.722,388954,5 Jan 2023 22:02:33.805,24,[24] circ,27,[27] south0,0.0381460325587779,12500000,462587500000
2181,351947,5 Jan 2023 11:45:46.722,388954,5 Jan 2023 22:02:33.805,27,[27] south0,24,[24] circ,0.0381460325587779,12500000,462587500000
2212,362830,5 Jan 2023 14:47:09.479,387252,5 Jan 2023 21:34:11.518,7,[7] ls-03,27,[27] south0,0.0231651408256133,1875000,45791250000
2213,362830,5 Jan 2023 14:47:09.479,387252,5 Jan 2023 21:34:11.518,27,[27] south0,7,[7] ls-03,0.0231651408256133,12500000,305275000000
2230,366699,5 Jan 2023 15:51:38.027,389998,5 Jan 2023 22:19:57.189,25,[25] north0,3,[3] gs-madrid,1.32550954982454,12500000,291237500000
2231,366703,5 Jan 2023 15:51:42.587,389996,5 Jan 2023 22:19:55.849,3,[3] gs-madrid,25,[25] north0,1.32551040351791,3750000,87348750000
2236,366989,5 Jan 2023 15:56:28.263,378603,5 Jan 2023 19:10:02.271,24,[24] circ,3,[3] gs-madrid,1.34964078905892,12500000,145175000000
2237,366993,5 Jan 2023 15:56:32.543,378601,5 Jan 2023 19:10:00.875,3,[3] gs-madrid,24,[24] circ,1.34965095696366,3750000,43530000000
2248,367395,5 Jan 2023 16:03:14.549,420042,6 Jan 2023 06:40:41.931,7,[7] ls-03,3,[3] gs-madrid,1.33450794021533,12500000,658087500000
2249,367400,5 Jan 2023 16:03:19.036,420047,6 Jan 2023 06:40:46.466,3,[3] gs-madrid,7,[7] ls-03,1.33450807657257,3750000,197426250000
2254,367536,5 Jan 2023 16:05:35.517,419947,6 Jan 2023 06:39:06.025,5,[5] ls-01-shackleton,3,[3] gs-madrid,1.33529683028821,12500000,655137500000
2255,367540,5 Jan 2023 16:05:39.983,419951,6 Jan 2023 06:39:10.558,3,[3] gs-madrid,5,[5] ls-01-shackleton,1.33529697456563,3750000,196541250000
2270,368668,5 Jan 2023 16:24:27.474,420016,6 Jan 2023 06:40:15.648,27,[27] south0,3,[3] gs-madrid,1.3439211016888,12500000,641850000000
2271,368673,5 Jan 2023 16:24:32.085,420021,6 Jan 2023 06:40:20.267,3,[3] gs-madrid,27,[27] south0,1.34392041982673,3750000,192555000000
2278,369491,5 Jan 2023 16:38:10.866,387288,5 Jan 2023 21:34:47.429,15,[15] ls-11,24,[24] circ,0.0167677863108724,1875000,33369375000
2279,369491,5 Jan 2023 16:38:10.866,387288,5 Jan 2023 21:34:47.429,24,[24] circ,15,[15] ls-11,0.0167677863108724,12500000,222462500000
2288,370494,5 Jan 2023 16:54:53.478,372634,5 Jan 2023 17:30:33.170,27,[27] south0,2,[2] gs-canberra,1.35604203705128,12500000,26750000000
2289,370499,5 Jan 2023 16:54:58.179,372638,5 Jan 2023 17:30:37.765,2,[2] gs-canberra,27,[27] south0,1.35603934947916,3750000,8021250000
2290,370618,5 Jan 2023 16:56:57.164,371977,5 Jan 2023 17:19:36.266,24,[24] circ,2,[2] gs-canberra,1.35160076874736,12500000,16987500000
2291,370622,5 Jan 2023 16:57:01.855,371981,5 Jan 2023 17:19:40.889,2,[2] gs-canberra,24,[24] circ,1.35161878031627,3750000,5096250000
2296,370744,5 Jan 2023 16:59:03.328,372261,5 Jan 2023 17:24:20.474,5,[5] ls-01-shackleton,2,[2] gs-canberra,1.3457981209108,12500000,18962500000
2297,370748,5 Jan 2023 16:59:07.953,372266,5 Jan 2023 17:24:25.031,2,[2] gs-canberra,5,[5] ls-01-shackleton,1.34580088151804,3750000,5692500000
2306,370887,5 Jan 2023 17:01:26.866,372285,5 Jan 2023 17:24:44.277,7,[7] ls-03,2,[2] gs-canberra,1.345061266955,12500000,17475000000
2307,370892,5 Jan 2023 17:01:31.491,372289,5 Jan 2023 17:24:48.846,2,[2] gs-canberra,7,[7] ls-03,1.34506493509432,3750000,5238750000
2322,371516,5 Jan 2023 17:11:55.937,372087,5 Jan 2023 17:21:26.904,25,[25] north0,2,[2] gs-canberra,1.33549261089747,12500000,7137500000
2323,371521,5 Jan 2023 17:12:00.478,372092,5 Jan 2023 17:21:31.462,2,[2] gs-canberra,25,[25] north0,1.33548922372004,3750000,2141250000
2352,382603,5 Jan 2023 20:16:42.537,419853,6 Jan 2023 06:37:32.434,3,[3] gs-madrid,24,[24] circ,1.33098546712327,3750000,139687500000
2353,382604,5 Jan 2023 20:16:43.921,419848,6 Jan 2023 06:37:27.714,24,[24] circ,3,[3] gs-madrid,1.33098630763522,12500000,465550000000
2362,384201,5 Jan 2023 20:43:20.728,402056,6 Jan 2023 01:40:55.997,7,[7] ls-03,24,[24] circ,0.0167003143012446,1875000,33478125000
2363,384201,5 Jan 2023 20:43:20.728,402056,6 Jan 2023 01:40:55.997,24,[24] circ,7,[7] ls-03,0.0167003143012446,12500000,223187500000
2376,387695,5 Jan 2023 21:41:34.021,389685,5 Jan 2023 22:14:44.412,5,[5] ls-01-shackleton,25,[25] north0,0.0055122024626325,1875000,3731250000
2377,387695,5 Jan 2023 21:41:34.021,389685,5 Jan 2023 22:14:44.412,25,[25] north0,5,[5] ls-01-shackleton,0.0055122024626325,12500000,24875000000
2380,387883,5 Jan 2023 21:44:42.986,389829,5 Jan 2023 22:17:08.863,4,[4] ls-00-peary,27,[27] south0,0.0055021924326333,1875000,3648750000
2381,387883,5 Jan 2023 21:44:42.986,389829,5 Jan 2023 22:17:08.863,27,[27] south0,4,[4] ls-00-peary,0.0055021924326333,12500000,24325000000
2386,388554,5 Jan 2023 21:55:53.677,425220,6 Jan 2023 08:06:59.331,24,[24] circ,25,[25] north0,0.037573336187215,12500000,458325000000
2387,388554,5 Jan 2023 21:55:53.677,425220,6 Jan 2023 08:06:59.331,25,[25] north0,24,[24] circ,0.0375733361872151,12500000,458325000000
2388,389044,5 Jan 2023 22:04:03.959,395133,5 Jan 2023 23:45:32.589,15,[15] ls-11,25,[25] north0,0.0107101106061128,1875000,11416875000
2389,389044,5 Jan 2023 22:04:03.959,395133,5 Jan 2023 23:45:32.589,25,[25] north0,15,[15] ls-11,0.0107101106061128,12500000,76112500000
2394,390074,5 Jan 2023 22:21:13.205,430692,6 Jan 2023 09:38:11.177,25,[25] north0,27,[27] south0,0.0429923770793888,12500000,507725000000
2395,390074,5 Jan 2023 22:21:13.205,430692,6 Jan 2023 09:38:11.177,27,[27] south0,25,[25] north0,0.0429923770793888,12500000,507725000000
2406,391105,5 Jan 2023 22:38:24.086,421051,6 Jan 2023 06:57:30.639,15,[15] ls-11,27,[27] south0,0.0241428099211302,1875000,56148750000
2407,391105,5 Jan 2023 22:38:24.086,421051,6 Jan 2023 06:57:30.639,27,[27] south0,15,[15] ls-11,0.0241428099211302,12500000,374325000000
2414,392240,5 Jan 2023 22:57:19.461,420262,6 Jan 2023 06:44:21.104,3,[3] gs-madrid,25,[25] north0,1.33665269193487,3750000,105082500000
2415,392241,5 Jan 2023 22:57:20.821,420257,6 Jan 2023 06:44:16.702,25,[25] north0,3,[3] gs-madrid,1.33666315804063,12500000,350200000000
2422,393630,5 Jan 2023 23:20:29.127,426798,6 Jan 2023 08:33:17.830,4,[4] ls-00-peary,25,[25] north0,0.0240343835461597,1875000,62190000000
2423,393630,5 Jan 2023 23:20:29.127,426798,6 Jan 2023 08:33:17.830,25,[25] north0,4,[4] ls-00-peary,0.0240343835461597,12500000,414600000000
2424,393940,5 Jan 2023 23:25:39.678,427101,6 Jan 2023 08:38:20.342,5,[5] ls-01-shackleton,27,[27] south0,0.024069448548054,1875000,62176875000
2425,393940,5 Jan 2023 23:25:39.678,427101,6 Jan 2023 08:38:20.342,27,[27] south0,5,[5] ls-01-shackleton,0.024069448548054,12500000,414512500000
2434,395145,5 Jan 2023 23:45:44.848,432152,6 Jan 2023 10:02:31.931,24,[24] circ,27,[27] south0,0.0381460778880426,12500000,462587500000
2435,395145,5 Jan 2023 23:45:44.848,432152,6 Jan 2023 10:02:31.931,27,[27] south0,24,[24] circ,0.0381460778880426,12500000,462587500000
2436,395221,5 Jan 2023 23:47:00.020,421572,6 Jan 2023 07:06:11.397,7,[7] ls-03,25,[25] north0,0.0282817492373638,1875000,49408125000
2437,395221,5 Jan 2023 23:47:00.020,421572,6 Jan 2023 07:06:11.397,25,[25] north0,7,[7] ls-03,0.0282817492373638,12500000,329387500000
2448,397334,6 Jan 2023 00:22:13.468,447557,6 Jan 2023 14:19:16.365,27,[27] south0,1,[1] gs-goldstone,1.34637757473596,12500000,627787500000
2449,397339,6 Jan 2023 00:22:18.343,447561,6 Jan 2023 14:19:20.835,1,[1] gs-goldstone,27,[27] south0,1.3463780829961,3750000,188332500000
2457,397383,6 Jan 2023 00:23:02.556,447783,6 Jan 2023 14:23:02.718,5,[5] ls-01-shackleton,1,[1] gs-goldstone,1.33650645723248,12500000,630000000000
2459,397388,6 Jan 2023 00:23:07.254,447788,6 Jan 2023 14:23:07.158,1,[1] gs-goldstone,5,[5] ls-01-shackleton,1.33650670976557,3750000,189000000000
2461,397400,6 Jan 2023 00:23:19.093,433256,6 Jan 2023 10:20:55.978,25,[25] north0,1,[1] gs-goldstone,1.32983779094464,12500000,448200000000
2462,397404,6 Jan 2023 00:23:23.819,433255,6 Jan 2023 10:20:54.635,1,[1] gs-goldstone,25,[25] north0,1.32983614394972,3750000,134441250000
2464,397415,6 Jan 2023 00:23:34.750,447886,6 Jan 2023 14:24:45.087,7,[7] ls-03,1,[1] gs-goldstone,1.33566831928972,12500000,630887500000
2465,397420,6 Jan 2023 00:23:39.459,447890,6 Jan 2023 14:24:49.521,1,[1] gs-goldstone,7,[7] ls-03,1.33566854816951,3750000,189262500000
2466,397502,6 Jan 2023 00:25:01.109,422467,6 Jan 2023 07:21:06.710,24,[24] circ,1,[1] gs-goldstone,1.33106741234881,12500000,312062500000
2467,397506,6 Jan 2023 00:25:05.650,422466,6 Jan 2023 07:21:05.333,1,[1] gs-goldstone,24,[24] circ,1.33107309755157,3750000,93600000000
2496,407397,6 Jan 2023 03:09:56.786,430554,6 Jan 2023 09:35:53.551,7,[7] ls-03,27,[27] south0,0.0228588809045831,1875000,43419375000
2497,407397,6 Jan 2023 03:09:56.786,430554,6 Jan 2023 09:35:53.551,27,[27] south0,7,[7] ls-03,0.0228588809045831,12500000,289462500000
2536,413504,6 Jan 2023 04:51:43.297,431300,6 Jan 2023 09:48:19.503,15,[15] ls-11,24,[24] circ,0.0167682435711717,1875000,33367500000
2537,413504,6 Jan 2023 04:51:43.297,431300,6 Jan 2023 09:48:19.503,24,[24] circ,15,[15] ls-11,0.0167682435711717,12500000,222450000000
2582,426427,6 Jan 2023 08:27:06.786,447810,6 Jan 2023 14:23:29.132,1,[1] gs-goldstone,24,[24] circ,1.3357417416968,3750000,80186250000
2583,426429,6 Jan 2023 08:27:08.163,447805,6 Jan 2023 14:23:24.881,24,[24] circ,1,[1] gs-goldstone,1.33574347114397,12500000,267200000000
2588,428199,6 Jan 2023 08:56:38.129,446058,6 Jan 2023 13:54:17.103,7,[7] ls-03,24,[24] circ,0.0166953776162162,1875000,33485625000
2589,428199,6 Jan 2023 08:56:38.129,446058,6 Jan 2023 13:54:17.103,24,[24] circ,7,[7] ls-03,0.0166953776162162,12500000,223237500000
2602,430892,6 Jan 2023 09:41:31.344,432883,6 Jan 2023 10:14:42.760,5,[5] ls-01-shackleton,25,[25] north0,0.005511230061246,1875000,3733125000
2603,430892,6 Jan 2023 09:41:31.344,432883,6 Jan 2023 10:14:42.760,25,[25] north0,5,[5] ls-01-shackleton,0.005511230061246,12500000,24887500000
2604,431082,6 Jan 2023 09:44:41.659,433027,6 Jan 2023 10:17:06.707,4,[4] ls-00-peary,27,[27] south0,0.0055032210366579,1875000,3646875000
2605,431082,6 Jan 2023 09:44:41.659,433027,6 Jan 2023 10:17:06.707,27,[27] south0,4,[4] ls-00-peary,0.0055032210366579,12500000,24312500000
2612,431752,6 Jan 2023 09:55:51.803,468418,6 Jan 2023 20:06:57.457,24,[24] circ,25,[25] north0,0.0375732881074171,12500000,458325000000
2613,431752,6 Jan 2023 09:55:51.803,468418,6 Jan 2023 20:06:57.457,25,[25] north0,24,[24] circ,0.0375732881074171,12500000,458325000000
2614,432309,6 Jan 2023 10:05:08.480,439372,6 Jan 2023 12:02:51.830,15,[15] ls-11,25,[25] north0,0.0117302840141424,1875000,13243125000
2615,432309,6 Jan 2023 10:05:08.480,439372,6 Jan 2023 12:02:51.830,25,[25] north0,15,[15] ls-11,0.0117302840141424,12500000,88287500000
2622,433202,6 Jan 2023 10:20:01.721,433315,6 Jan 2023 10:21:54.089,25,[25] north0,2,[2] gs-canberra,1.3550575474174,12500000,1412500000
2623,433207,6 Jan 2023 10:20:06.476,433313,6 Jan 2023 10:21:52.725,2,[2] gs-canberra,25,[25] north0,1.35507443571069,3750000,397500000
2626,433220,6 Jan 2023 10:20:19.747,458366,6 Jan 2023 17:19:25.090,5,[5] ls-01-shackleton,2,[2] gs-canberra,1.34385073470725,12500000,314325000000
2627,433225,6 Jan 2023 10:20:24.158,458370,6 Jan 2023 17:19:29.666,2,[2] gs-canberra,5,[5] ls-01-shackleton,1.34385090082119,3750000,94293750000
2634,433272,6 Jan 2023 10:21:11.331,473890,6 Jan 2023 21:38:09.303,25,[25] north0,27,[27] south0,0.0429923770799543,12500000,507725000000
2635,433272,6 Jan 2023 10:21:11.331,473890,6 Jan 2023 21:38:09.303,27,[27] south0,25,[25] north0,0.0429923770799543,12500000,507725000000
2636,433286,6 Jan 2023 10:21:25.964,458413,6 Jan 2023 17:20:12.048,27,[27] south0,2,[2] gs-canberra,1.35727317694538,12500000,314087500000
2637,433290,6 Jan 2023 10:21:29.990,458417,6 Jan 2023 17:20:16.697,2,[2] gs-canberra,27,[27] south0,1.35727577794002,3750000,94226250000
2642,433338,6 Jan 2023 10:22:17.254,458445,6 Jan 2023 17:20:44.777,7,[7] ls-03,2,[2] gs-canberra,1.34304354996656,12500000,313837500000
2643,433342,6 Jan 2023 10:22:21.661,458450,6 Jan 2023 17:20:49.346,2,[2] gs-canberra,7,[7] ls-03,1.34304366661769,3750000,94155000000
2652,433496,6 Jan 2023 10:24:55.831,458156,6 Jan 2023 17:15:55.601,24,[24] circ,2,[2] gs-canberra,1.33336297973111,12500000,308250000000
2653,433501,6 Jan 2023 10:25:00.295,458161,6 Jan 2023 17:16:00.214,2,[2] gs-canberra,24,[24] circ,1.33336235298428,3750000,92475000000
2664,434554,6 Jan 2023 10:42:33.174,465387,6 Jan 2023 19:16:26.310,15,[15] ls-11,27,[27] south0,0.0242302437322296,1875000,57811875000
2665,434554,6 Jan 2023 10:42:33.174,465387,6 Jan 2023 19:16:26.310,27,[27] south0,15,[15] ls-11,0.0242302437322296,12500000,385412500000
2670,435852,6 Jan 2023 11:04:11.055,448292,6 Jan 2023 14:31:31.251,1,[1] gs-goldstone,25,[25] north0,1.35507067072904,3750000,46650000000
2671,435853,6 Jan 2023 11:04:12.428,448287,6 Jan 2023 14:31:26.732,25,[25] north0,1,[1] gs-goldstone,1.35507349116791,12500000,155425000000
2672,435951,6 Jan 2023 11:05:50.421,458669,6 Jan 2023 17:24:28.389,2,[2] gs-canberra,25,[25] north0,1.35015567889542,3750000,85192500000
2673,435952,6 Jan 2023 11:05:51.802,458664,6 Jan 2023 17:24:23.857,25,[25] north0,2,[2] gs-canberra,1.35015629139709,12500000,283900000000
2680,436827,6 Jan 2023 11:20:26.153,469995,6 Jan 2023 20:33:14.736,4,[4] ls-00-peary,25,[25] north0,0.0240344135161967,1875000,62190000000
2681,436827,6 Jan 2023 11:20:26.153,469995,6 Jan 2023 20:33:14.736,25,[25] north0,4,[4] ls-00-peary,0.0240344135161967,12500000,414600000000
2684,437137,6 Jan 2023 11:25:36.592,470297,6 Jan 2023 20:38:16.970,5,[5] ls-01-shackleton,27,[27] south0,0.0240698268759242,1875000,62175000000
2685,437137,6 Jan 2023 11:25:36.592,470297,6 Jan 2023 20:38:16.970,27,[27] south0,5,[5] ls-01-shackleton,0.0240698268759242,12500000,414500000000
2692,438343,6 Jan 2023 11:45:42.974,475351,6 Jan 2023 22:02:30.057,24,[24] circ,27,[27] south0,0.0381461232182168,12500000,462600000000
2693,438343,6 Jan 2023 11:45:42.974,475351,6 Jan 2023 22:02:30.057,27,[27] south0,24,[24] circ,0.0381461232182168,12500000,462600000000
2696,440474,6 Jan 2023 12:21:13.060,467268,6 Jan 2023 19:47:47.709,7,[7] ls-03,25,[25] north0,0.0284070405702648,1875000,50238750000
2697,440474,6 Jan 2023 12:21:13.060,467268,6 Jan 2023 19:47:47.709,25,[25] north0,7,[7] ls-03,0.0284070405702648,12500000,334925000000
2728,451988,6 Jan 2023 15:33:07.365,473840,6 Jan 2023 21:37:19.271,7,[7] ls-03,27,[27] south0,0.0224430711123446,1875000,40972500000
2729,451988,6 Jan 2023 15:33:07.365,473840,6 Jan 2023 21:37:19.271,27,[27] south0,7,[7] ls-03,0.0224430711123446,12500000,273150000000
2762,456255,6 Jan 2023 16:44:14.611,476561,6 Jan 2023 22:22:40.012,25,[25] north0,3,[3] gs-madrid,1.33169470631484,12500000,253825000000
2763,456260,6 Jan 2023 16:44:19.602,476559,6 Jan 2023 22:22:38.663,3,[3] gs-madrid,25,[25] north0,1.33169575119385,3750000,76121250000
2764,456448,6 Jan 2023 16:47:27.787,466481,6 Jan 2023 19:34:40.447,24,[24] circ,3,[3] gs-madrid,1.35723591473621,12500000,125412500000
2767,456454,6 Jan 2023 16:47:33.790,466480,6 Jan 2023 19:34:39.045,3,[3] gs-madrid,24,[24] circ,1.35724809315309,3750000,37597500000
2780,456987,6 Jan 2023 16:56:26.430,509358,7 Jan 2023 07:29:17.245,7,[7] ls-03,3,[3] gs-madrid,1.33852752640106,12500000,654637500000
2781,456993,6 Jan 2023 16:56:32.521,509362,7 Jan 2023 07:29:21.531,3,[3] gs-madrid,7,[7] ls-03,1.33852755313142,3750000,196383750000
2786,457099,6 Jan 2023 16:58:18.607,509263,7 Jan 2023 07:27:42.637,5,[5] ls-01-shackleton,3,[3] gs-madrid,1.33939180702804,12500000,652050000000
2787,457105,6 Jan 2023 16:58:24.639,509267,7 Jan 2023 07:27:46.929,3,[3] gs-madrid,5,[5] ls-01-shackleton,1.33939187290567,3750000,195607500000
2794,457516,6 Jan 2023 17:05:15.426,475312,6 Jan 2023 22:01:51.907,15,[15] ls-11,24,[24] circ,0.0167678868638389,1875000,33367500000
2795,457516,6 Jan 2023 17:05:15.426,475312,6 Jan 2023 22:01:51.907,24,[24] circ,15,[15] ls-11,0.0167678868638389,12500000,222450000000
2804,458212,6 Jan 2023 17:16:51.903,509347,7 Jan 2023 07:29:06.610,27,[27] south0,3,[3] gs-madrid,1.34849028130627,12500000,639187500000
2805,458218,6 Jan 2023 17:16:57.773,509352,7 Jan 2023 07:29:11.007,3,[3] gs-madrid,27,[27] south0,1.34848944153472,3750000,191752500000
2816,459930,6 Jan 2023 17:45:29.025,462122,6 Jan 2023 18:22:01.834,27,[27] south0,2,[2] gs-canberra,1.36025191428132,12500000,27400000000
2817,459934,6 Jan 2023 17:45:33.294,462127,6 Jan 2023 18:22:06.782,2,[2] gs-canberra,27,[27] south0,1.36024935751851,3750000,8223750000
2820,460100,6 Jan 2023 17:48:19.192,461519,6 Jan 2023 18:11:58.553,24,[24] circ,2,[2] gs-canberra,1.36074063018257,12500000,17737500000
2821,460104,6 Jan 2023 17:48:23.411,461524,6 Jan 2023 18:12:03.658,2,[2] gs-canberra,24,[24] circ,1.36075707236217,3750000,5325000000
2824,460177,6 Jan 2023 17:49:36.379,461780,6 Jan 2023 18:16:19.058,5,[5] ls-01-shackleton,2,[2] gs-canberra,1.35033945144384,12500000,20037500000
2825,460181,6 Jan 2023 17:49:40.510,461785,6 Jan 2023 18:16:24.011,2,[2] gs-canberra,5,[5] ls-01-shackleton,1.35034209521942,3750000,6015000000
2832,460313,6 Jan 2023 17:51:52.990,461812,6 Jan 2023 18:16:51.875,7,[7] ls-03,2,[2] gs-canberra,1.34952478762805,12500000,18737500000
2833,460318,6 Jan 2023 17:51:57.109,461817,6 Jan 2023 18:16:56.839,2,[2] gs-canberra,7,[7] ls-03,1.34952831463496,3750000,5621250000
2848,460898,6 Jan 2023 18:01:37.587,461680,6 Jan 2023 18:14:39.783,25,[25] north0,2,[2] gs-canberra,1.33951688699804,12500000,9775000000
2849,460902,6 Jan 2023 18:01:41.531,461685,6 Jan 2023 18:14:44.763,2,[2] gs-canberra,25,[25] north0,1.33951347971199,3750000,2936250000
2868,470440,6 Jan 2023 20:40:39.573,509220,7 Jan 2023 07:26:59.863,3,[3] gs-madrid,24,[24] circ,1.33585288449962,3750000,145425000000
2869,470441,6 Jan 2023 20:40:40.964,509216,7 Jan 2023 07:26:55.382,24,[24] circ,3,[3] gs-madrid,1.33585358086211,12500000,484687500000
2874,472196,6 Jan 2023 21:09:55.015,490058,7 Jan 2023 02:07:37.381,7,[7] ls-03,24,[24] circ,0.0166908571507893,1875000,33491250000
2875,472196,6 Jan 2023 21:09:55.015,490058,7 Jan 2023 02:07:37.381,24,[24] circ,7,[7] ls-03,0.0166908571507893,12500000,223275000000
2886,474089,6 Jan 2023 21:41:28.747,476082,6 Jan 2023 22:14:41.215,5,[5] ls-01-shackleton,25,[25] north0,0.0055102200829762,1875000,3736875000
2887,474089,6 Jan 2023 21:41:28.747,476082,6 Jan 2023 22:14:41.215,25,[25] north0,5,[5] ls-01-shackleton,0.0055102200829762,12500000,24912500000
2888,474281,6 Jan 2023 21:44:40.273,476225,6 Jan 2023 22:17:04.471,4,[4] ls-00-peary,27,[27] south0,0.0055042656131613,1875000,3645000000
2889,474281,6 Jan 2023 21:44:40.273,476225,6 Jan 2023 22:17:04.471,27,[27] south0,4,[4] ls-00-peary,0.0055042656131613,12500000,24300000000
2896,474950,6 Jan 2023 21:55:49.929,511616,7 Jan 2023 08:06:55.584,24,[24] circ,25,[25] north0,0.0375732400264217,12500000,458325000000
2897,474950,6 Jan 2023 21:55:49.929,511616,7 Jan 2023 08:06:55.584,25,[25] north0,24,[24] circ,0.0375732400264217,12500000,458325000000
2900,475576,6 Jan 2023 22:06:15.103,483635,7 Jan 2023 00:20:34.507,15,[15] ls-11,25,[25] north0,0.0128006367863154,1875000,15110625000
2901,475576,6 Jan 2023 22:06:15.103,483635,7 Jan 2023 00:20:34.507,25,[25] north0,15,[15] ls-11,0.0128006367863154,12500000,100737500000
2906,476470,6 Jan 2023 22:21:09.457,517088,7 Jan 2023 09:38:07.429,25,[25] north0,27,[27] south0,0.0429923770804242,12500000,507725000000
2907,476470,6 Jan 2023 22:21:09.457,517088,7 Jan 2023 09:38:07.429,27,[27] south0,25,[25] north0,0.0429923770804242,12500000,507725000000
2920,478050,6 Jan 2023 22:47:29.590,509667,7 Jan 2023 07:34:26.574,15,[15] ls-11,27,[27] south0,0.0242928788368653,1875000,59281875000
2921,478050,6 Jan 2023 22:47:29.590,509667,7 Jan 2023 07:34:26.574,27,[27] south0,15,[15] ls-11,0.0242928788368653,12500000,395212500000
2928,479554,6 Jan 2023 23:12:33.182,509548,7 Jan 2023 07:32:27.061,3,[3] gs-madrid,25,[25] north0,1.34127603912161,3750000,112477500000
2929,479555,6 Jan 2023 23:12:34.549,509543,7 Jan 2023 07:32:22.953,25,[25] north0,3,[3] gs-madrid,1.34127777937632,12500000,374850000000
2932,480024,6 Jan 2023 23:20:23.154,513192,7 Jan 2023 08:33:11.697,4,[4] ls-00-peary,25,[25] north0,0.024034362675787,1875000,62190000000
2933,480024,6 Jan 2023 23:20:23.154,513192,7 Jan 2023 08:33:11.697,25,[25] north0,4,[4] ls-00-peary,0.024034362675787,12500000,414600000000
2938,480334,6 Jan 2023 23:25:33.384,513494,7 Jan 2023 08:38:13.581,5,[5] ls-01-shackleton,27,[27] south0,0.0240701017456093,1875000,62175000000
2939,480334,6 Jan 2023 23:25:33.384,513494,7 Jan 2023 08:38:13.581,27,[27] south0,5,[5] ls-01-shackleton,0.0240701017456093,12500000,414500000000
2944,481542,6 Jan 2023 23:45:41.100,518549,7 Jan 2023 10:02:28.184,24,[24] circ,27,[27] south0,0.0381458091916598,12500000,462587500000
2945,481542,6 Jan 2023 23:45:41.100,518549,7 Jan 2023 10:02:28.184,27,[27] south0,24,[24] circ,0.0381458091916598,12500000,462587500000
2950,486025,7 Jan 2023 01:00:24.367,512462,7 Jan 2023 08:21:01.430,7,[7] ls-03,25,[25] north0,0.0280841159551582,1875000,49569375000
2951,486025,7 Jan 2023 01:00:24.367,512462,7 Jan 2023 08:21:01.430,25,[25] north0,7,[7] ls-03,0.0280841159551582,12500000,330462500000
2964,486938,7 Jan 2023 01:15:37.707,536701,7 Jan 2023 15:05:00.070,27,[27] south0,1,[1] gs-goldstone,1.34999400865848,12500000,622037500000
2965,486943,7 Jan 2023 01:15:42.827,536705,7 Jan 2023 15:05:04.229,1,[1] gs-goldstone,27,[27] south0,1.34999431649644,3750000,186607500000
2970,486963,7 Jan 2023 01:16:02.077,536957,7 Jan 2023 15:09:16.627,5,[5] ls-01-shackleton,1,[1] gs-goldstone,1.33990995825929,12500000,624925000000
2972,486968,7 Jan 2023 01:16:07.045,536961,7 Jan 2023 15:09:20.724,1,[1] gs-goldstone,5,[5] ls-01-shackleton,1.33991009267452,3750000,187473750000
2975,486982,7 Jan 2023 01:16:21.947,519860,7 Jan 2023 10:24:19.614,25,[25] north0,1,[1] gs-goldstone,1.33448289406466,12500000,410975000000
2977,486987,7 Jan 2023 01:16:26.975,519859,7 Jan 2023 10:24:18.266,1,[1] gs-goldstone,25,[25] north0,1.33448021325437,3750000,123270000000
2978,487003,7 Jan 2023 01:16:42.304,537057,7 Jan 2023 15:10:56.009,7,[7] ls-03,1,[1] gs-goldstone,1.33899914939903,12500000,625675000000
2979,487008,7 Jan 2023 01:16:47.279,537061,7 Jan 2023 15:11:00.093,1,[1] gs-goldstone,7,[7] ls-03,1.33899925971636,3750000,187698750000
2980,487042,7 Jan 2023 01:17:21.101,510348,7 Jan 2023 07:45:47.174,24,[24] circ,1,[1] gs-goldstone,1.33614791134998,12500000,291325000000
2981,487046,7 Jan 2023 01:17:25.852,510346,7 Jan 2023 07:45:45.794,1,[1] gs-goldstone,24,[24] circ,1.33615456962512,3750000,87375000000
3024,496610,7 Jan 2023 03:56:49.523,517110,7 Jan 2023 09:38:29.970,7,[7] ls-03,27,[27] south0,0.0220277300773657,1875000,38437500000
3025,496610,7 Jan 2023 03:56:49.523,517110,7 Jan 2023 09:38:29.970,27,[27] south0,7,[7] ls-03,0.0220277300773657,12500000,256250000000
3058,501528,7 Jan 2023 05:18:47.103,519325,7 Jan 2023 10:15:24.486,15,[15] ls-11,24,[24] circ,0.0167667237654277,1875000,33369375000
3059,501528,7 Jan 2023 05:18:47.103,519325,7 Jan 2023 10:15:24.486,24,[24] circ,15,[15] ls-11,0.0167667237654277,12500000,222462500000
3096,514264,7 Jan 2023 08:51:03.791,536959,7 Jan 2023 15:09:18.212,1,[1] gs-goldstone,24,[24] circ,1.33737128975609,3750000,85106250000
3097,514266,7 Jan 2023 08:51:05.172,536955,7 Jan 2023 15:09:14.264,24,[24] circ,1,[1] gs-goldstone,1.33737294650495,12500000,283612500000
3102,516192,7 Jan 2023 09:23:11.473,534057,7 Jan 2023 14:20:56.882,7,[7] ls-03,24,[24] circ,0.0166867988576933,1875000,33496875000
3103,516192,7 Jan 2023 09:23:11.473,534057,7 Jan 2023 14:20:56.882,24,[24] circ,7,[7] ls-03,0.0166867988576933,12500000,223312500000
3112,517287,7 Jan 2023 09:41:26.237,519280,7 Jan 2023 10:14:39.777,5,[5] ls-01-shackleton,25,[25] north0,0.0055090992333188,1875000,3736875000
3113,517287,7 Jan 2023 09:41:26.237,519280,7 Jan 2023 10:14:39.777,25,[25] north0,5,[5] ls-01-shackleton,0.0055090992333188,12500000,24912500000
3116,517479,7 Jan 2023 09:44:38.822,519423,7 Jan 2023 10:17:02.170,4,[4] ls-00-peary,27,[27] south0,0.0055051236093707,1875000,3645000000
3117,517479,7 Jan 2023 09:44:38.822,519423,7 Jan 2023 10:17:02.170,27,[27] south0,4,[4] ls-00-peary,0.0055051236093707,12500000,24300000000
3124,518149,7 Jan 2023 09:55:48.055,554814,7 Jan 2023 20:06:53.710,24,[24] circ,25,[25] north0,0.0375735731278514,12500000,458312500000
3125,518149,7 Jan 2023 09:55:48.055,554814,7 Jan 2023 20:06:53.710,25,[25] north0,24,[24] circ,0.0375735731278514,12500000,458312500000
3126,518846,7 Jan 2023 10:07:25.125,527912,7 Jan 2023 12:38:31.563,15,[15] ls-11,25,[25] north0,0.0138448426446134,1875000,16998750000
3127,518846,7 Jan 2023 10:07:25.125,527912,7 Jan 2023 12:38:31.563,25,[25] north0,15,[15] ls-11,0.0138448426446134,12500000,113325000000
3134,519668,7 Jan 2023 10:21:07.584,560286,7 Jan 2023 21:38:05.555,25,[25] north0,27,[27] south0,0.0429923770808576,12500000,507725000000
3135,519668,7 Jan 2023 10:21:07.584,560286,7 Jan 2023 21:38:05.555,27,[27] south0,25,[25] north0,0.0429923770808576,12500000,507725000000
3148,521604,7 Jan 2023 10:53:23.187,553879,7 Jan 2023 19:51:18.615,15,[15] ls-11,27,[27] south0,0.0243329917109879,1875000,60515625000
3149,521604,7 Jan 2023 10:53:23.187,553879,7 Jan 2023 19:51:18.615,27,[27] south0,15,[15] ls-11,0.0243329917109879,12500000,403437500000
3154,522270,7 Jan 2023 11:04:29.685,547737,7 Jan 2023 18:08:56.410,27,[27] south0,2,[2] gs-canberra,1.35972264232354,12500000,318337500000
3155,522274,7 Jan 2023 11:04:33.406,547741,7 Jan 2023 18:09:00.877,2,[2] gs-canberra,27,[27] south0,1.35972424154885,3750000,95501250000
3158,522361,7 Jan 2023 11:06:00.287,547698,7 Jan 2023 18:08:17.889,5,[5] ls-01-shackleton,2,[2] gs-canberra,1.34632367606857,12500000,316712500000
3159,522365,7 Jan 2023 11:06:04.263,547703,7 Jan 2023 18:08:22.262,2,[2] gs-canberra,5,[5] ls-01-shackleton,1.34632366356953,3750000,95017500000
3166,522473,7 Jan 2023 11:07:52.004,547779,7 Jan 2023 18:09:38.187,7,[7] ls-03,2,[2] gs-canberra,1.34542699157917,12500000,316325000000
3168,522476,7 Jan 2023 11:07:55.968,547783,7 Jan 2023 18:09:42.558,2,[2] gs-canberra,7,[7] ls-03,1.34542696955982,3750000,94901250000
3176,522622,7 Jan 2023 11:10:21.012,547515,7 Jan 2023 18:05:14.859,24,[24] circ,2,[2] gs-canberra,1.33605286285925,12500000,311162500000
3177,522625,7 Jan 2023 11:10:24.989,547520,7 Jan 2023 18:05:19.322,2,[2] gs-canberra,24,[24] circ,1.3360536805428,3750000,93356250000
3184,523099,7 Jan 2023 11:18:18.629,537479,7 Jan 2023 15:17:58.821,1,[1] gs-goldstone,25,[25] north0,1.35834092526529,3750000,53925000000
3185,523100,7 Jan 2023 11:18:19.994,537475,7 Jan 2023 15:17:54.697,25,[25] north0,1,[1] gs-goldstone,1.35834368197974,12500000,179687500000
3186,523216,7 Jan 2023 11:20:15.018,548010,7 Jan 2023 18:13:29.962,2,[2] gs-canberra,25,[25] north0,1.3539321039666,3750000,92977500000
3187,523217,7 Jan 2023 11:20:16.401,548006,7 Jan 2023 18:13:25.665,25,[25] north0,2,[2] gs-canberra,1.35393250939157,12500000,309862500000
3188,523221,7 Jan 2023 11:20:20.146,556389,7 Jan 2023 20:33:08.729,4,[4] ls-00-peary,25,[25] north0,0.0240342328701833,1875000,62190000000
3189,523221,7 Jan 2023 11:20:20.146,556389,7 Jan 2023 20:33:08.729,25,[25] north0,4,[4] ls-00-peary,0.0240342328701833,12500000,414600000000
3192,523531,7 Jan 2023 11:25:30.073,556691,7 Jan 2023 20:38:10.198,5,[5] ls-01-shackleton,27,[27] south0,0.0240702690381105,1875000,62175000000
3193,523531,7 Jan 2023 11:25:30.073,556691,7 Jan 2023 20:38:10.198,27,[27] south0,5,[5] ls-01-shackleton,0.0240702690381105,12500000,414500000000
3202,524740,7 Jan 2023 11:45:39.226,561747,7 Jan 2023 22:02:26.310,24,[24] circ,27,[27] south0,0.0381458545190909,12500000,462587500000
3203,524740,7 Jan 2023 11:45:39.226,561747,7 Jan 2023 22:02:26.310,27,[27] south0,24,[24] circ,0.0381458545190909,12500000,462587500000
3212,531576,7 Jan 2023 13:39:35.678,557091,7 Jan 2023 20:44:50.364,7,[7] ls-03,25,[25] north0,0.0274273754833622,1875000,47840625000
3213,531576,7 Jan 2023 13:39:35.678,557091,7 Jan 2023 20:44:50.364,25,[25] north0,7,[7] ls-03,0.0274273754833622,12500000,318937500000
3262,541276,7 Jan 2023 16:21:15.165,560367,7 Jan 2023 21:39:26.186,7,[7] ls-03,27,[27] south0,0.0215107813283847,1875000,35795625000
3263,541276,7 Jan 2023 16:21:15.165,560367,7 Jan 2023 21:39:26.186,27,[27] south0,7,[7] ls-03,0.0215107813283847,12500000,238637500000
3296,545539,7 Jan 2023 17:32:18.202,563338,7 Jan 2023 22:28:57.080,15,[15] ls-11,24,[24] circ,0.0167647750609035,1875000,33373125000
3297,545539,7 Jan 2023 17:32:18.202,563338,7 Jan 2023 22:28:57.080,24,[24] circ,15,[15] ls-11,0.0167647750609035,12500000,222487500000
3306,547117,7 Jan 2023 17:58:36.295,563228,7 Jan 2023 22:27:07.641,25,[25] north0,3,[3] gs-madrid,1.33546632941526,12500000,201387500000
3307,547124,7 Jan 2023 17:58:43.929,563227,7 Jan 2023 22:27:06.286,3,[3] gs-madrid,25,[25] north0,1.3354694785197,3750000,60386250000
3308,547413,7 Jan 2023 18:03:32.601,554354,7 Jan 2023 19:59:13.034,24,[24] circ,3,[3] gs-madrid,1.36390598260959,12500000,86762500000
3309,547420,7 Jan 2023 18:03:39.821,554352,7 Jan 2023 19:59:11.625,3,[3] gs-madrid,24,[24] circ,1.36391674211315,3750000,25995000000
3324,547966,7 Jan 2023 18:12:45.006,598371,8 Jan 2023 08:12:50.793,7,[7] ls-03,3,[3] gs-madrid,1.34020418405467,12500000,630062500000
3326,547973,7 Jan 2023 18:12:52.003,598375,8 Jan 2023 08:12:54.703,3,[3] gs-madrid,7,[7] ls-03,1.34020417958272,3750000,189007500000
3331,548028,7 Jan 2023 18:13:47.686,598279,8 Jan 2023 08:11:18.920,5,[5] ls-01-shackleton,3,[3] gs-madrid,1.34115759896799,12500000,628137500000
3333,548035,7 Jan 2023 18:13:54.624,598283,8 Jan 2023 08:11:22.838,3,[3] gs-madrid,5,[5] ls-01-shackleton,1.3411576308936,3750000,188430000000
3338,548786,7 Jan 2023 18:26:25.893,551837,7 Jan 2023 19:17:16.500,27,[27] south0,2,[2] gs-canberra,1.36231446068399,12500000,38137500000
3339,548790,7 Jan 2023 18:26:29.613,551842,7 Jan 2023 19:17:21.556,2,[2] gs-canberra,27,[27] south0,1.36231181976193,3750000,11445000000
3340,548915,7 Jan 2023 18:28:34.315,598389,8 Jan 2023 08:13:08.014,27,[27] south0,3,[3] gs-madrid,1.35042132564806,12500000,618425000000
3341,548921,7 Jan 2023 18:28:40.878,598393,8 Jan 2023 08:13:12.047,3,[3] gs-madrid,27,[27] south0,1.35042056705921,3750000,185520000000
3342,548960,7 Jan 2023 18:29:19.316,551336,7 Jan 2023 19:08:55.731,24,[24] circ,2,[2] gs-canberra,1.36629574258185,12500000,29700000000
3343,548963,7 Jan 2023 18:29:22.935,551342,7 Jan 2023 19:09:01.077,2,[2] gs-canberra,24,[24] circ,1.36630701212166,3750000,8921250000
3345,549002,7 Jan 2023 18:30:01.390,551541,7 Jan 2023 19:12:20.847,5,[5] ls-01-shackleton,2,[2] gs-canberra,1.35231719511493,12500000,31737500000
3347,549005,7 Jan 2023 18:30:04.931,551546,7 Jan 2023 19:12:25.952,2,[2] gs-canberra,5,[5] ls-01-shackleton,1.35231880481042,3750000,9528750000
3354,549128,7 Jan 2023 18:32:07.257,551582,7 Jan 2023 19:13:01.872,7,[7] ls-03,2,[2] gs-canberra,1.35139953464008,12500000,30675000000
3355,549131,7 Jan 2023 18:32:10.780,551587,7 Jan 2023 19:13:06.985,2,[2] gs-canberra,7,[7] ls-03,1.35140112304666,3750000,9210000000
3366,549633,7 Jan 2023 18:40:32.019,551522,7 Jan 2023 19:12:01.067,25,[25] north0,2,[2] gs-canberra,1.34108909141791,12500000,23612500000
3367,549636,7 Jan 2023 18:40:35.320,551527,7 Jan 2023 19:12:06.188,2,[2] gs-canberra,25,[25] north0,1.34108598298535,3750000,7091250000
3386,558272,7 Jan 2023 21:04:31.619,598114,8 Jan 2023 08:08:33.783,3,[3] gs-madrid,24,[24] circ,1.33841078776544,3750000,149407500000
3387,558274,7 Jan 2023 21:04:33.015,598116,8 Jan 2023 08:08:35.202,24,[24] circ,3,[3] gs-madrid,1.33841161112304,12500000,498025000000
3396,560188,7 Jan 2023 21:36:27.588,578056,8 Jan 2023 02:34:15.671,7,[7] ls-03,24,[24] circ,0.0166832420539515,1875000,33502500000
3397,560188,7 Jan 2023 21:36:27.588,578056,8 Jan 2023 02:34:15.671,24,[24] circ,7,[7] ls-03,0.0166832420539515,12500000,223350000000
3398,560484,7 Jan 2023 21:41:23.818,562479,7 Jan 2023 22:14:38.426,5,[5] ls-01-shackleton,25,[25] north0,0.0055080625570618,1875000,3740625000
3399,560484,7 Jan 2023 21:41:23.818,562479,7 Jan 2023 22:14:38.426,25,[25] north0,5,[5] ls-01-shackleton,0.0055080625570618,12500000,24937500000
3402,560678,7 Jan 2023 21:44:37.290,562620,7 Jan 2023 22:16:59.796,4,[4] ls-00-peary,27,[27] south0,0.0055061611213342,1875000,3641250000
3403,560678,7 Jan 2023 21:44:37.290,562620,7 Jan 2023 22:16:59.796,27,[27] south0,4,[4] ls-00-peary,0.0055061611213342,12500000,24275000000
3414,561347,7 Jan 2023 21:55:46.182,598012,8 Jan 2023 08:06:51.836,24,[24] circ,25,[25] north0,0.0375735250408468,12500000,458312500000
3415,561347,7 Jan 2023 21:55:46.182,598012,8 Jan 2023 08:06:51.836,25,[25] north0,24,[24] circ,0.0375735250408468,12500000,458312500000
3416,562120,7 Jan 2023 22:08:39.895,572198,8 Jan 2023 00:56:37.201,15,[15] ls-11,25,[25] north0,0.0148026987218599,1875000,18896250000
3417,562120,7 Jan 2023 22:08:39.895,572198,8 Jan 2023 00:56:37.201,25,[25] north0,15,[15] ls-11,0.0148026987218599,12500000,125975000000
3422,562866,7 Jan 2023 22:21:05.710,603484,8 Jan 2023 09:38:03.681,25,[25] north0,27,[27] south0,0.0429923770811362,12500000,507725000000
3423,562866,7 Jan 2023 22:21:05.710,603484,8 Jan 2023 09:38:03.681,27,[27] south0,25,[25] north0,0.0429923770811362,12500000,507725000000
3440,565226,7 Jan 2023 23:00:25.183,598011,8 Jan 2023 08:06:50.222,15,[15] ls-11,27,[27] south0,0.0243528305205897,1875000,61471875000
3441,565226,7 Jan 2023 23:00:25.183,598011,8 Jan 2023 08:06:50.222,27,[27] south0,15,[15] ls-11,0.0243528305205897,12500000,409812500000
3450,566418,7 Jan 2023 23:20:17.146,599586,8 Jan 2023 08:33:05.845,4,[4] ls-00-peary,25,[25] north0,0.024034027124299,1875000,62190000000
3451,566418,7 Jan 2023 23:20:17.146,599586,8 Jan 2023 08:33:05.845,25,[25] north0,4,[4] ls-00-peary,0.024034027124299,12500000,414600000000
3452,566696,7 Jan 2023 23:24:55.218,598508,8 Jan 2023 08:15:07.296,3,[3] gs-madrid,25,[25] north0,1.34402318221665,3750000,119295000000
3453,566697,7 Jan 2023 23:24:56.587,598504,8 Jan 2023 08:15:03.606,25,[25] north0,3,[3] gs-madrid,1.3440247332749,12500000,397587500000
3454,566727,7 Jan 2023 23:25:26.681,599887,8 Jan 2023 08:38:06.844,5,[5] ls-01-shackleton,27,[27] south0,0.0240703442203731,1875000,62175000000
3455,566727,7 Jan 2023 23:25:26.681,599887,8 Jan 2023 08:38:06.844,27,[27] south0,5,[5] ls-01-shackleton,0.0240703442203731,12500000,414500000000
3462,567938,7 Jan 2023 23:45:37.353,604800,8 Jan 2023 10:02:24.436,24,[24] circ,27,[27] south0,0.038145899848166,12500000,462587500000
3463,567938,7 Jan 2023 23:45:37.353,604800,8 Jan 2023 10:02:24.436,27,[27] south0,24,[24] circ,0.038145899848166,12500000,462587500000
3487,576706,8 Jan 2023 02:11:45.966,604800,8 Jan 2023 15:45:09.584,27,[27] south0,1,[1] gs-goldstone,1.35106854581987,12500000,610050000000
3489,576712,8 Jan 2023 02:11:51.092,604800,8 Jan 2023 15:45:13.339,1,[1] gs-goldstone,27,[27] south0,1.3510687476371,3750000,183007500000
3492,576720,8 Jan 2023 02:11:59.744,604800,8 Jan 2023 15:49:41.565,5,[5] ls-01-shackleton,1,[1] gs-goldstone,1.34114480791087,12500000,613275000000
3496,576725,8 Jan 2023 02:12:04.740,604800,8 Jan 2023 15:49:45.233,1,[1] gs-goldstone,5,[5] ls-01-shackleton,1.34114481358282,3750000,183978750000
3499,576740,8 Jan 2023 02:12:19.863,598222,8 Jan 2023 08:10:21.843,24,[24] circ,1,[1] gs-goldstone,1.33958647656749,12500000,268525000000
3501,576745,8 Jan 2023 02:12:24.611,598221,8 Jan 2023 08:10:20.459,1,[1] gs-goldstone,24,[24] circ,1.33955228036793,3750000,80535000000
3502,576759,8 Jan 2023 02:12:38.676,604800,8 Jan 2023 10:29:50.068,25,[25] north0,1,[1] gs-goldstone,1.33711526568447,12500000,372900000000
3503,576764,8 Jan 2023 02:12:43.756,604800,8 Jan 2023 10:29:48.717,1,[1] gs-goldstone,25,[25] north0,1.33711232049933,3750000,111843750000
3504,576767,8 Jan 2023 02:12:46.491,604800,8 Jan 2023 15:51:16.849,7,[7] ls-03,1,[1] gs-goldstone,1.34013657213231,12500000,613875000000
3505,576772,8 Jan 2023 02:12:51.491,604800,8 Jan 2023 15:51:20.506,1,[1] gs-goldstone,7,[7] ls-03,1.34013655342881,3750000,184158750000
3506,576926,8 Jan 2023 02:15:25.268,601274,8 Jan 2023 09:01:13.600,7,[7] ls-03,25,[25] north0,0.0266280501740934,1875000,45652500000
3507,576926,8 Jan 2023 02:15:25.268,601274,8 Jan 2023 09:01:13.600,25,[25] north0,7,[7] ls-03,0.0266280501740934,12500000,304350000000
3568,586000,8 Jan 2023 04:46:39.973,603608,8 Jan 2023 09:40:07.627,7,[7] ls-03,27,[27] south0,0.0209537611835344,1875000,33015000000
3569,586000,8 Jan 2023 04:46:39.973,603608,8 Jan 2023 09:40:07.627,27,[27] south0,7,[7] ls-03,0.0209537611835344,12500000,220100000000
3592,589549,8 Jan 2023 05:45:48.596,604800,8 Jan 2023 10:42:29.533,15,[15] ls-11,24,[24] circ,0.0167620772525027,1875000,33376875000
3593,589549,8 Jan 2023 05:45:48.596,604800,8 Jan 2023 10:42:29.533,24,[24] circ,15,[15] ls-11,0.0167620772525027,12500000,222512500000
3620,602101,8 Jan 2023 09:15:00.853,604800,8 Jan 2023 15:49:31.854,1,[1] gs-goldstone,24,[24] circ,1.33726691065432,3750000,88766250000
3621,602103,8 Jan 2023 09:15:02.236,604800,8 Jan 2023 15:49:28.303,24,[24] circ,1,[1] gs-goldstone,1.33726847480604,12500000,295825000000
3630,603682,8 Jan 2023 09:41:21.514,604800,8 Jan 2023 10:14:37.162,5,[5] ls-01-shackleton,25,[25] north0,0.005506944220473,1875000,3742500000
3631,603682,8 Jan 2023 09:41:21.514,604800,8 Jan 2023 10:14:37.162,25,[25] north0,5,[5] ls-01-shackleton,0.005506944220473,12500000,24950000000
3634,603876,8 Jan 2023 09:44:35.684,604800,8 Jan 2023 10:16:57.369,4,[4] ls-00-peary,27,[27] south0,0.0055069844679246,1875000,3641250000
3635,603876,8 Jan 2023 09:44:35.684,604800,8 Jan 2023 10:16:57.369,27,[27] south0,4,[4] ls-00-peary,0.0055069844679246,12500000,24275000000
3638,604184,8 Jan 2023 09:49:43.462,604800,8 Jan 2023 14:47:33.809,7,[7] ls-03,24,[24] circ,0.0166802183616279,1875000,33506250000
3639,604184,8 Jan 2023 09:49:43.462,604800,8 Jan 2023 14:47:33.809,24,[24] circ,7,[7] ls-03,0.0166802183616279,12500000,223375000000
3644,604545,8 Jan 2023 09:55:44.308,604800,8 Jan 2023 20:06:49.962,24,[24] circ,25,[25] north0,0.0375734769578796,12500000,458312500000
3645,604545,8 Jan 2023 09:55:44.308,604800,8 Jan 2023 20:06:49.962,25,[25] north0,24,[24] circ,0.0375734769578796,12500000,458312500000
